region,year,rainfall
ANDAMAN & NICOBAR ISLANDS,1951,3275.1
ASSAM & MEGHALAYA,1951,2956.7
"NAGALAND, MANIPUR, MIZORAM,TRIPURA",1951,2609.4
SUB-HIMALAYAN W BENGAL & SIKKIM,1951,2683.2
GANGETIC WEST BENGAL,1951,1214
ORISSA,1951,1396.3
JHARKHAND,1951,1071.6
BIHAR ,1951,849.4
EAST UTTAR PRADESH,1951,752.6
WEST UTTAR PRADESH,1951,724.9
UTTARANCHAL,1951,1171.4
"HARYANA, DELHI & CHANDIGARH",1951,333.4
PUNJAB ,1951,499.5
HIMACHAL PRADESH,1951,1238.5
WEST RAJASTHAN ,1951,179.9
EAST  RAJASTHAN ,1951,365.6
EAST MADHYA PRADESH,1951,1175.4
"GUJARAT REGION, DADRA & NAGAR HAVELI",1951,481.1
SAURASHTRA KUTCH & DIU,1951,292.9
KOKAN & GOA,1951,2808.3
MADHYA MAHARASHTRA,1951,796.7
MARATWADA ,1951,731.4
VIDARBHA,1951,1082.2
CHATTISGARH,1951,1399.9
COSTAL ANDHRA PRADESH,1951,875.7
TELENGANA,1951,836.5
RAYALSEEMA,1951,506
TAMIL NADU & PONDICHERRY,1951,855
COASTAL KARNATAKA,1951,3124.3
NORTH INTERIOR KARNATAKA,1951,708.4
SOUTH INTERIOR KARNATAKA,1951,925.9
KERALA,1951,2705.6
LAKSHADWEEP ,1951,1715.3
ANDAMAN & NICOBAR ISLANDS,1952,3079.9
ASSAM & MEGHALAYA,1952,3114
"NAGALAND, MANIPUR, MIZORAM,TRIPURA",1952,2810.9
SUB-HIMALAYAN W BENGAL & SIKKIM,1952,3270.9
GANGETIC WEST BENGAL,1952,1395.7
ORISSA,1952,1516.9
JHARKHAND,1952,1387.3
BIHAR ,1952,1206.5
EAST UTTAR PRADESH,1952,936
WEST UTTAR PRADESH,1952,875.3
UTTARANCHAL,1952,1474.6
"HARYANA, DELHI & CHANDIGARH",1952,541.4
PUNJAB ,1952,566
HIMACHAL PRADESH,1952,1263.6
WEST RAJASTHAN ,1952,267.2
EAST  RAJASTHAN ,1952,701.7
EAST MADHYA PRADESH,1952,1155.4
"GUJARAT REGION, DADRA & NAGAR HAVELI",1952,770.9
SAURASHTRA KUTCH & DIU,1952,412.5
KOKAN & GOA,1952,2509
MADHYA MAHARASHTRA,1952,683.4
MARATWADA ,1952,546
VIDARBHA,1952,807.8
CHATTISGARH,1952,1374
COSTAL ANDHRA PRADESH,1952,850.6
TELENGANA,1952,711.1
RAYALSEEMA,1952,608
TAMIL NADU & PONDICHERRY,1952,716.2
COASTAL KARNATAKA,1952,2896.6
NORTH INTERIOR KARNATAKA,1952,628.6
SOUTH INTERIOR KARNATAKA,1952,872.6
KERALA,1952,2334.8
LAKSHADWEEP ,1952,1124.5
ANDAMAN & NICOBAR ISLANDS,1953,2722
ASSAM & MEGHALAYA,1953,2763.8
"NAGALAND, MANIPUR, MIZORAM,TRIPURA",1953,2661.7
SUB-HIMALAYAN W BENGAL & SIKKIM,1953,2594
GANGETIC WEST BENGAL,1953,1505.8
ORISSA,1953,1437.8
JHARKHAND,1953,1509.4
BIHAR ,1953,1376.7
EAST UTTAR PRADESH,1953,1266.8
WEST UTTAR PRADESH,1953,762.4
UTTARANCHAL,1953,1559.4
"HARYANA, DELHI & CHANDIGARH",1953,555.8
PUNJAB ,1953,611.6
HIMACHAL PRADESH,1953,1425.6
WEST RAJASTHAN ,1953,304.3
EAST  RAJASTHAN ,1953,580.7
EAST MADHYA PRADESH,1953,1007
"GUJARAT REGION, DADRA & NAGAR HAVELI",1953,1062.6
SAURASHTRA KUTCH & DIU,1953,715.1
KOKAN & GOA,1953,3335.9
MADHYA MAHARASHTRA,1953,893.7
MARATWADA ,1953,891.2
VIDARBHA,1953,1137.8
CHATTISGARH,1953,1380.9
COSTAL ANDHRA PRADESH,1953,933.2
TELENGANA,1953,1120.8
RAYALSEEMA,1953,748.5
TAMIL NADU & PONDICHERRY,1953,968
COASTAL KARNATAKA,1953,3463.3
NORTH INTERIOR KARNATAKA,1953,891.1
SOUTH INTERIOR KARNATAKA,1953,1255.8
KERALA,1953,2544.8
LAKSHADWEEP ,1953,1606.2
ANDAMAN & NICOBAR ISLANDS,1954,3449
ASSAM & MEGHALAYA,1954,3131.8
"NAGALAND, MANIPUR, MIZORAM,TRIPURA",1954,2905
SUB-HIMALAYAN W BENGAL & SIKKIM,1954,3055.7
GANGETIC WEST BENGAL,1954,1080
ORISSA,1954,1208
JHARKHAND,1954,1059.5
BIHAR ,1954,1050.1
EAST UTTAR PRADESH,1954,969.7
WEST UTTAR PRADESH,1954,877.9
UTTARANCHAL,1954,1858.6
"HARYANA, DELHI & CHANDIGARH",1954,535.8
PUNJAB ,1954,633.2
HIMACHAL PRADESH,1954,1717.5
WEST RAJASTHAN ,1954,250.5
EAST  RAJASTHAN ,1954,655.1
EAST MADHYA PRADESH,1954,1076.5
"GUJARAT REGION, DADRA & NAGAR HAVELI",1954,1246.5
SAURASHTRA KUTCH & DIU,1954,617
KOKAN & GOA,1954,3802.7
MADHYA MAHARASHTRA,1954,985
MARATWADA ,1954,899.7
VIDARBHA,1954,1100.4
CHATTISGARH,1954,1193.4
COSTAL ANDHRA PRADESH,1954,1068.6
TELENGANA,1954,908.8
RAYALSEEMA,1954,662.7
TAMIL NADU & PONDICHERRY,1954,1016.3
COASTAL KARNATAKA,1954,3821.6
NORTH INTERIOR KARNATAKA,1954,683.3
SOUTH INTERIOR KARNATAKA,1954,1032.7
KERALA,1954,2937.9
LAKSHADWEEP ,1954,1555.5
ANDAMAN & NICOBAR ISLANDS,1955,3349.6
ASSAM & MEGHALAYA,1955,3021.7
"NAGALAND, MANIPUR, MIZORAM,TRIPURA",1955,2865.3
SUB-HIMALAYAN W BENGAL & SIKKIM,1955,2992.8
GANGETIC WEST BENGAL,1955,1268.3
ORISSA,1955,1597.1
JHARKHAND,1955,1080.8
BIHAR ,1955,1242.5
EAST UTTAR PRADESH,1955,1424.3
WEST UTTAR PRADESH,1955,1059.5
UTTARANCHAL,1955,1662
"HARYANA, DELHI & CHANDIGARH",1955,705.8
PUNJAB ,1955,974.1
HIMACHAL PRADESH,1955,1919.2
WEST RAJASTHAN ,1955,391.3
EAST  RAJASTHAN ,1955,833.9
EAST MADHYA PRADESH,1955,1420.9
"GUJARAT REGION, DADRA & NAGAR HAVELI",1955,976.6
SAURASHTRA KUTCH & DIU,1955,383.1
KOKAN & GOA,1955,3884.7
MADHYA MAHARASHTRA,1955,981.1
MARATWADA ,1955,1151.3
VIDARBHA,1955,1368.7
CHATTISGARH,1955,1436.8
COSTAL ANDHRA PRADESH,1955,1167.5
TELENGANA,1955,1129.5
RAYALSEEMA,1955,765.4
TAMIL NADU & PONDICHERRY,1955,1060.6
COASTAL KARNATAKA,1955,3552.5
NORTH INTERIOR KARNATAKA,1955,967.1
SOUTH INTERIOR KARNATAKA,1955,1003.6
KERALA,1955,3134.6
LAKSHADWEEP ,1955,1548.3
ANDAMAN & NICOBAR ISLANDS,1956,3079.9
ASSAM & MEGHALAYA,1956,3119.6
"NAGALAND, MANIPUR, MIZORAM,TRIPURA",1956,3022.7
SUB-HIMALAYAN W BENGAL & SIKKIM,1956,2885.4
GANGETIC WEST BENGAL,1956,1714.2
ORISSA,1956,1885.4
JHARKHAND,1956,1555.7
BIHAR ,1956,1492.8
EAST UTTAR PRADESH,1956,1254.1
WEST UTTAR PRADESH,1956,1060.2
UTTARANCHAL,1956,1938.4
"HARYANA, DELHI & CHANDIGARH",1956,649.5
PUNJAB ,1956,750.5
HIMACHAL PRADESH,1956,1541.6
WEST RAJASTHAN ,1956,374.1
EAST  RAJASTHAN ,1956,923.8
EAST MADHYA PRADESH,1956,1515.9
"GUJARAT REGION, DADRA & NAGAR HAVELI",1956,1365.9
SAURASHTRA KUTCH & DIU,1956,760.5
KOKAN & GOA,1956,3700.5
MADHYA MAHARASHTRA,1956,1233.8
MARATWADA ,1956,1037.3
VIDARBHA,1956,1124.6
CHATTISGARH,1956,1563.4
COSTAL ANDHRA PRADESH,1956,1345.3
TELENGANA,1956,1153.2
RAYALSEEMA,1956,884.5
TAMIL NADU & PONDICHERRY,1956,989.8
COASTAL KARNATAKA,1956,3856.4
NORTH INTERIOR KARNATAKA,1956,1038.9
SOUTH INTERIOR KARNATAKA,1956,1243.2
KERALA,1956,2798.3
LAKSHADWEEP ,1956,1287.4
ANDAMAN & NICOBAR ISLANDS,1957,2512.7
ASSAM & MEGHALAYA,1957,2387.6
"NAGALAND, MANIPUR, MIZORAM,TRIPURA",1957,2303.9
SUB-HIMALAYAN W BENGAL & SIKKIM,1957,2225.5
GANGETIC WEST BENGAL,1957,1130.6
ORISSA,1957,1277.5
JHARKHAND,1957,1377.4
BIHAR ,1957,966
EAST UTTAR PRADESH,1957,955.7
WEST UTTAR PRADESH,1957,1004.7
UTTARANCHAL,1957,1776.3
"HARYANA, DELHI & CHANDIGARH",1957,608.7
PUNJAB ,1957,710.5
HIMACHAL PRADESH,1957,1822.6
WEST RAJASTHAN ,1957,267.3
EAST  RAJASTHAN ,1957,665.1
EAST MADHYA PRADESH,1957,1000.8
"GUJARAT REGION, DADRA & NAGAR HAVELI",1957,655.8
SAURASHTRA KUTCH & DIU,1957,417.4
KOKAN & GOA,1957,3074.4
MADHYA MAHARASHTRA,1957,849.8
MARATWADA ,1957,900.6
VIDARBHA,1957,1071
CHATTISGARH,1957,1218
COSTAL ANDHRA PRADESH,1957,935.3
TELENGANA,1957,898.5
RAYALSEEMA,1957,539.3
TAMIL NADU & PONDICHERRY,1957,867
COASTAL KARNATAKA,1957,3174.8
NORTH INTERIOR KARNATAKA,1957,837.9
SOUTH INTERIOR KARNATAKA,1957,1066.3
KERALA,1957,3103.2
LAKSHADWEEP ,1957,1347.2
ANDAMAN & NICOBAR ISLANDS,1958,2807.4
ASSAM & MEGHALAYA,1958,2828.9
"NAGALAND, MANIPUR, MIZORAM,TRIPURA",1958,1968.5
SUB-HIMALAYAN W BENGAL & SIKKIM,1958,2820.2
GANGETIC WEST BENGAL,1958,1151.1
ORISSA,1958,1624
JHARKHAND,1958,1180.5
BIHAR ,1958,1163.3
EAST UTTAR PRADESH,1958,1016.9
WEST UTTAR PRADESH,1958,1169.7
UTTARANCHAL,1958,1495.6
"HARYANA, DELHI & CHANDIGARH",1958,676.8
PUNJAB ,1958,828
HIMACHAL PRADESH,1958,1572.3
WEST RAJASTHAN ,1958,264.1
EAST  RAJASTHAN ,1958,735.9
EAST MADHYA PRADESH,1958,1171.5
"GUJARAT REGION, DADRA & NAGAR HAVELI",1958,1124.5
SAURASHTRA KUTCH & DIU,1958,573.4
KOKAN & GOA,1958,4012.4
MADHYA MAHARASHTRA,1958,1054.1
MARATWADA ,1958,1024.4
VIDARBHA,1958,1172.1
CHATTISGARH,1958,1504
COSTAL ANDHRA PRADESH,1958,1294.7
TELENGANA,1958,1051.9
RAYALSEEMA,1958,715.7
TAMIL NADU & PONDICHERRY,1958,852.5
COASTAL KARNATAKA,1958,3687.5
NORTH INTERIOR KARNATAKA,1958,751.9
SOUTH INTERIOR KARNATAKA,1958,1210.1
KERALA,1958,2923.1
LAKSHADWEEP ,1958,992.6
ANDAMAN & NICOBAR ISLANDS,1959,3343.4
ASSAM & MEGHALAYA,1959,2640.2
"NAGALAND, MANIPUR, MIZORAM,TRIPURA",1959,2327.6
SUB-HIMALAYAN W BENGAL & SIKKIM,1959,2580.2
GANGETIC WEST BENGAL,1959,1812.6
ORISSA,1959,1495.8
JHARKHAND,1959,1599.9
BIHAR ,1959,1179.7
EAST UTTAR PRADESH,1959,869.2
WEST UTTAR PRADESH,1959,769.3
UTTARANCHAL,1959,1738.8
"HARYANA, DELHI & CHANDIGARH",1959,493.5
PUNJAB ,1959,699.7
HIMACHAL PRADESH,1959,1640.4
WEST RAJASTHAN ,1959,335.4
EAST  RAJASTHAN ,1959,776.7
EAST MADHYA PRADESH,1959,1302.2
"GUJARAT REGION, DADRA & NAGAR HAVELI",1959,1541.6
SAURASHTRA KUTCH & DIU,1959,1040.3
KOKAN & GOA,1959,3658.7
MADHYA MAHARASHTRA,1959,1118.9
MARATWADA ,1959,950.3
VIDARBHA,1959,1606.3
CHATTISGARH,1959,1540.5
COSTAL ANDHRA PRADESH,1959,967.8
TELENGANA,1959,1111.4
RAYALSEEMA,1959,592
TAMIL NADU & PONDICHERRY,1959,894.3
COASTAL KARNATAKA,1959,4330.9
NORTH INTERIOR KARNATAKA,1959,698.5
SOUTH INTERIOR KARNATAKA,1959,1277.6
KERALA,1959,3746.2
LAKSHADWEEP ,1959,1583.6
ANDAMAN & NICOBAR ISLANDS,1960,3025.1
ASSAM & MEGHALAYA,1960,2616.6
"NAGALAND, MANIPUR, MIZORAM,TRIPURA",1960,1800
SUB-HIMALAYAN W BENGAL & SIKKIM,1960,2610.4
GANGETIC WEST BENGAL,1960,1245.5
ORISSA,1960,1593
JHARKHAND,1960,1248.8
BIHAR ,1960,1249.2
EAST UTTAR PRADESH,1960,1170
WEST UTTAR PRADESH,1960,1129.1
UTTARANCHAL,1960,1540.1
"HARYANA, DELHI & CHANDIGARH",1960,722.2
PUNJAB ,1960,607
HIMACHAL PRADESH,1960,1115.3
WEST RAJASTHAN ,1960,217.8
EAST  RAJASTHAN ,1960,584.4
EAST MADHYA PRADESH,1960,1252
"GUJARAT REGION, DADRA & NAGAR HAVELI",1960,648.9
SAURASHTRA KUTCH & DIU,1960,347.7
KOKAN & GOA,1960,3069.8
MADHYA MAHARASHTRA,1960,885.9
MARATWADA ,1960,738.3
VIDARBHA,1960,1065.1
CHATTISGARH,1960,1339.6
COSTAL ANDHRA PRADESH,1960,966.7
TELENGANA,1960,776.6
RAYALSEEMA,1960,654.8
TAMIL NADU & PONDICHERRY,1960,1013.8
COASTAL KARNATAKA,1960,3504.3
NORTH INTERIOR KARNATAKA,1960,691.6
SOUTH INTERIOR KARNATAKA,1960,992
KERALA,1960,3385.6
LAKSHADWEEP ,1960,1901.8
ANDAMAN & NICOBAR ISLANDS,1961,3938.2
ASSAM & MEGHALAYA,1961,2241.4
"NAGALAND, MANIPUR, MIZORAM,TRIPURA",1961,1901.2
SUB-HIMALAYAN W BENGAL & SIKKIM,1961,2304.2
GANGETIC WEST BENGAL,1961,1290.5
ORISSA,1961,1945.2
JHARKHAND,1961,1562.3
BIHAR ,1961,1257.7
EAST UTTAR PRADESH,1961,1214.1
WEST UTTAR PRADESH,1961,1197.9
UTTARANCHAL,1961,1944.5
"HARYANA, DELHI & CHANDIGARH",1961,636
PUNJAB ,1961,690.1
HIMACHAL PRADESH,1961,1515.6
WEST RAJASTHAN ,1961,400.3
EAST  RAJASTHAN ,1961,873.8
EAST MADHYA PRADESH,1961,1598.7
"GUJARAT REGION, DADRA & NAGAR HAVELI",1961,940.8
SAURASHTRA KUTCH & DIU,1961,775.8
KOKAN & GOA,1961,3878.6
MADHYA MAHARASHTRA,1961,1070.6
MARATWADA ,1961,959
VIDARBHA,1961,1440.7
CHATTISGARH,1961,1918
COSTAL ANDHRA PRADESH,1961,1045.9
TELENGANA,1961,1078.9
RAYALSEEMA,1961,580.3
TAMIL NADU & PONDICHERRY,1961,910.8
COASTAL KARNATAKA,1961,5553.9
NORTH INTERIOR KARNATAKA,1961,748.6
SOUTH INTERIOR KARNATAKA,1961,1411
KERALA,1961,4257.9
LAKSHADWEEP ,1961,2235.3
ANDAMAN & NICOBAR ISLANDS,1962,2959.7
ASSAM & MEGHALAYA,1962,2460.2
"NAGALAND, MANIPUR, MIZORAM,TRIPURA",1962,1822.5
SUB-HIMALAYAN W BENGAL & SIKKIM,1962,2521.8
GANGETIC WEST BENGAL,1962,1173.4
ORISSA,1962,1346.6
JHARKHAND,1962,1048.1
BIHAR ,1962,1178
EAST UTTAR PRADESH,1962,1072
WEST UTTAR PRADESH,1962,795.9
UTTARANCHAL,1962,1638.3
"HARYANA, DELHI & CHANDIGARH",1962,513.4
PUNJAB ,1962,769.4
HIMACHAL PRADESH,1962,1393.6
WEST RAJASTHAN ,1962,262.4
EAST  RAJASTHAN ,1962,594.8
EAST MADHYA PRADESH,1962,1068.4
"GUJARAT REGION, DADRA & NAGAR HAVELI",1962,759.8
SAURASHTRA KUTCH & DIU,1962,384.6
KOKAN & GOA,1962,3435.3
MADHYA MAHARASHTRA,1962,899
MARATWADA ,1962,945.7
VIDARBHA,1962,1152.6
CHATTISGARH,1962,1140.8
COSTAL ANDHRA PRADESH,1962,1227.2
TELENGANA,1962,1117.3
RAYALSEEMA,1962,752.7
TAMIL NADU & PONDICHERRY,1962,941.6
COASTAL KARNATAKA,1962,4017.6
NORTH INTERIOR KARNATAKA,1962,838.9
SOUTH INTERIOR KARNATAKA,1962,1310.6
KERALA,1962,3375.8
LAKSHADWEEP ,1962,1586.6
ANDAMAN & NICOBAR ISLANDS,1963,2981.7
ASSAM & MEGHALAYA,1963,2722.7
"NAGALAND, MANIPUR, MIZORAM,TRIPURA",1963,2970
SUB-HIMALAYAN W BENGAL & SIKKIM,1963,2604.8
GANGETIC WEST BENGAL,1963,1289.6
ORISSA,1963,1562.1
JHARKHAND,1963,1314
BIHAR ,1963,1326.1
EAST UTTAR PRADESH,1963,996.5
WEST UTTAR PRADESH,1963,929.9
UTTARANCHAL,1963,1794.3
"HARYANA, DELHI & CHANDIGARH",1963,528.5
PUNJAB ,1963,476.1
HIMACHAL PRADESH,1963,1354.6
WEST RAJASTHAN ,1963,174.5
EAST  RAJASTHAN ,1963,571.9
EAST MADHYA PRADESH,1963,1120.2
"GUJARAT REGION, DADRA & NAGAR HAVELI",1963,994.1
SAURASHTRA KUTCH & DIU,1963,385.5
KOKAN & GOA,1963,3651.5
MADHYA MAHARASHTRA,1963,899.9
MARATWADA ,1963,1001.1
VIDARBHA,1963,1147.7
CHATTISGARH,1963,1384.6
COSTAL ANDHRA PRADESH,1963,919.9
TELENGANA,1963,995.6
RAYALSEEMA,1963,678
TAMIL NADU & PONDICHERRY,1963,1072.7
COASTAL KARNATAKA,1963,3171.5
NORTH INTERIOR KARNATAKA,1963,783.2
SOUTH INTERIOR KARNATAKA,1963,992.1
KERALA,1963,2651
LAKSHADWEEP ,1963,1902.1
ANDAMAN & NICOBAR ISLANDS,1964,3054.8
ASSAM & MEGHALAYA,1964,2952.3
"NAGALAND, MANIPUR, MIZORAM,TRIPURA",1964,2328.8
SUB-HIMALAYAN W BENGAL & SIKKIM,1964,2981.5
GANGETIC WEST BENGAL,1964,1278.4
ORISSA,1964,1354.5
JHARKHAND,1964,1151.3
BIHAR ,1964,1122.3
EAST UTTAR PRADESH,1964,1036.8
WEST UTTAR PRADESH,1964,998.2
UTTARANCHAL,1964,1762.3
"HARYANA, DELHI & CHANDIGARH",1964,719
PUNJAB ,1964,708.9
HIMACHAL PRADESH,1964,1354
WEST RAJASTHAN ,1964,337.4
EAST  RAJASTHAN ,1964,646.6
EAST MADHYA PRADESH,1964,1187.3
"GUJARAT REGION, DADRA & NAGAR HAVELI",1964,893.1
SAURASHTRA KUTCH & DIU,1964,558.3
KOKAN & GOA,1964,3255.4
MADHYA MAHARASHTRA,1964,945.6
MARATWADA ,1964,780.6
VIDARBHA,1964,1010.8
CHATTISGARH,1964,1520
COSTAL ANDHRA PRADESH,1964,978.6
TELENGANA,1964,907.1
RAYALSEEMA,1964,717.2
TAMIL NADU & PONDICHERRY,1964,910.6
COASTAL KARNATAKA,1964,3140.4
NORTH INTERIOR KARNATAKA,1964,899.8
SOUTH INTERIOR KARNATAKA,1964,1169.6
KERALA,1964,2869.2
LAKSHADWEEP ,1964,1651.7
ANDAMAN & NICOBAR ISLANDS,1965,3163.9
ASSAM & MEGHALAYA,1965,2604.8
"NAGALAND, MANIPUR, MIZORAM,TRIPURA",1965,2031
SUB-HIMALAYAN W BENGAL & SIKKIM,1965,2762.8
GANGETIC WEST BENGAL,1965,1263.9
ORISSA,1965,1174.6
JHARKHAND,1965,1013.1
BIHAR ,1965,1002.8
EAST UTTAR PRADESH,1965,685.5
WEST UTTAR PRADESH,1965,681.3
UTTARANCHAL,1965,1301.7
"HARYANA, DELHI & CHANDIGARH",1965,379.6
PUNJAB ,1965,423.3
HIMACHAL PRADESH,1965,1220.3
WEST RAJASTHAN ,1965,215.2
EAST  RAJASTHAN ,1965,419.9
EAST MADHYA PRADESH,1965,697.9
"GUJARAT REGION, DADRA & NAGAR HAVELI",1965,653.4
SAURASHTRA KUTCH & DIU,1965,421.2
KOKAN & GOA,1965,2859.5
MADHYA MAHARASHTRA,1965,790.6
MARATWADA ,1965,631.3
VIDARBHA,1965,743.6
CHATTISGARH,1965,949.7
COSTAL ANDHRA PRADESH,1965,734.7
TELENGANA,1965,770
RAYALSEEMA,1965,531
TAMIL NADU & PONDICHERRY,1965,926.8
COASTAL KARNATAKA,1965,2831.2
NORTH INTERIOR KARNATAKA,1965,632.8
SOUTH INTERIOR KARNATAKA,1965,734.7
KERALA,1965,2342.5
LAKSHADWEEP ,1965,1405.9
ANDAMAN & NICOBAR ISLANDS,1966,2701.2
ASSAM & MEGHALAYA,1966,3075.1
"NAGALAND, MANIPUR, MIZORAM,TRIPURA",1966,2478.7
SUB-HIMALAYAN W BENGAL & SIKKIM,1966,2515.4
GANGETIC WEST BENGAL,1966,1118.7
ORISSA,1966,1286.9
JHARKHAND,1966,880.5
BIHAR ,1966,767
EAST UTTAR PRADESH,1966,707.7
WEST UTTAR PRADESH,1966,755.8
UTTARANCHAL,1966,1461.1
"HARYANA, DELHI & CHANDIGARH",1966,707.9
PUNJAB ,1966,638.1
HIMACHAL PRADESH,1966,1371
WEST RAJASTHAN ,1966,252.9
EAST  RAJASTHAN ,1966,474.1
EAST MADHYA PRADESH,1966,849.3
"GUJARAT REGION, DADRA & NAGAR HAVELI",1966,692.8
SAURASHTRA KUTCH & DIU,1966,331.4
KOKAN & GOA,1966,2467.2
MADHYA MAHARASHTRA,1966,837.5
MARATWADA ,1966,747.2
VIDARBHA,1966,1002.8
CHATTISGARH,1966,1077.6
COSTAL ANDHRA PRADESH,1966,1034.4
TELENGANA,1966,860.5
RAYALSEEMA,1966,786.3
TAMIL NADU & PONDICHERRY,1966,1166.9
COASTAL KARNATAKA,1966,2976.7
NORTH INTERIOR KARNATAKA,1966,723.6
SOUTH INTERIOR KARNATAKA,1966,1013.2
KERALA,1966,2621.8
LAKSHADWEEP ,1966,1741.5
ANDAMAN & NICOBAR ISLANDS,1967,3216.6
ASSAM & MEGHALAYA,1967,2264.2
"NAGALAND, MANIPUR, MIZORAM,TRIPURA",1967,2230
SUB-HIMALAYAN W BENGAL & SIKKIM,1967,2860.5
GANGETIC WEST BENGAL,1967,1348.4
ORISSA,1967,1427.5
JHARKHAND,1967,1225.8
BIHAR ,1967,999.8
EAST UTTAR PRADESH,1967,1029.3
WEST UTTAR PRADESH,1967,1158.5
UTTARANCHAL,1967,1547.3
"HARYANA, DELHI & CHANDIGARH",1967,839.9
PUNJAB ,1967,680.3
HIMACHAL PRADESH,1967,1558.6
WEST RAJASTHAN ,1967,340.3
EAST  RAJASTHAN ,1967,760.2
EAST MADHYA PRADESH,1967,1407.8
"GUJARAT REGION, DADRA & NAGAR HAVELI",1967,934.2
SAURASHTRA KUTCH & DIU,1967,751.2
KOKAN & GOA,1967,2781.9
MADHYA MAHARASHTRA,1967,913.2
MARATWADA ,1967,759.8
VIDARBHA,1967,1128.2
CHATTISGARH,1967,1451.4
COSTAL ANDHRA PRADESH,1967,791
TELENGANA,1967,877.6
RAYALSEEMA,1967,645.9
TAMIL NADU & PONDICHERRY,1967,899.2
COASTAL KARNATAKA,1967,3181.7
NORTH INTERIOR KARNATAKA,1967,645.8
SOUTH INTERIOR KARNATAKA,1967,939.1
KERALA,1967,2569.1
LAKSHADWEEP ,1967,1287.3
ANDAMAN & NICOBAR ISLANDS,1968,2762.8
ASSAM & MEGHALAYA,1968,2722.3
"NAGALAND, MANIPUR, MIZORAM,TRIPURA",1968,2110
SUB-HIMALAYAN W BENGAL & SIKKIM,1968,3378.8
GANGETIC WEST BENGAL,1968,1597.8
ORISSA,1968,1464.1
JHARKHAND,1968,1294.2
BIHAR ,1968,1140
EAST UTTAR PRADESH,1968,839.9
WEST UTTAR PRADESH,1968,691.8
UTTARANCHAL,1968,1490.3
"HARYANA, DELHI & CHANDIGARH",1968,397.9
PUNJAB ,1968,536.2
HIMACHAL PRADESH,1968,1168.2
WEST RAJASTHAN ,1968,142
EAST  RAJASTHAN ,1968,515.8
EAST MADHYA PRADESH,1968,973.7
"GUJARAT REGION, DADRA & NAGAR HAVELI",1968,678.7
SAURASHTRA KUTCH & DIU,1968,333
KOKAN & GOA,1968,2397.2
MADHYA MAHARASHTRA,1968,824
MARATWADA ,1968,712.3
VIDARBHA,1968,922.9
CHATTISGARH,1968,1171.6
COSTAL ANDHRA PRADESH,1968,735.3
TELENGANA,1968,711.5
RAYALSEEMA,1968,574
TAMIL NADU & PONDICHERRY,1968,789.4
COASTAL KARNATAKA,1968,3461.1
NORTH INTERIOR KARNATAKA,1968,727.3
SOUTH INTERIOR KARNATAKA,1968,999.8
KERALA,1968,3392.7
LAKSHADWEEP ,1968,1344.4
ANDAMAN & NICOBAR ISLANDS,1969,2619.2
ASSAM & MEGHALAYA,1969,2551.3
"NAGALAND, MANIPUR, MIZORAM,TRIPURA",1969,3610.1
SUB-HIMALAYAN W BENGAL & SIKKIM,1969,2424.8
GANGETIC WEST BENGAL,1969,1404.1
ORISSA,1969,1283.1
JHARKHAND,1969,1158.6
BIHAR ,1969,1288.5
EAST UTTAR PRADESH,1969,1023.4
WEST UTTAR PRADESH,1969,877.3
UTTARANCHAL,1969,1633.8
"HARYANA, DELHI & CHANDIGARH",1969,483.1
PUNJAB ,1969,494.8
HIMACHAL PRADESH,1969,1127.7
WEST RAJASTHAN ,1969,118.9
EAST  RAJASTHAN ,1969,628.4
EAST MADHYA PRADESH,1969,1241.9
"GUJARAT REGION, DADRA & NAGAR HAVELI",1969,786.6
SAURASHTRA KUTCH & DIU,1969,295.8
KOKAN & GOA,1969,3160.7
MADHYA MAHARASHTRA,1969,984.2
MARATWADA ,1969,824.6
VIDARBHA,1969,992.9
CHATTISGARH,1969,1143.4
COSTAL ANDHRA PRADESH,1969,1284.1
TELENGANA,1969,970.6
RAYALSEEMA,1969,707.1
TAMIL NADU & PONDICHERRY,1969,961.8
COASTAL KARNATAKA,1969,3342.9
NORTH INTERIOR KARNATAKA,1969,729.3
SOUTH INTERIOR KARNATAKA,1969,1104.5
KERALA,1969,2664.9
LAKSHADWEEP ,1969,1416.1
ANDAMAN & NICOBAR ISLANDS,1970,3370.9
ASSAM & MEGHALAYA,1970,3428.5
"NAGALAND, MANIPUR, MIZORAM,TRIPURA",1970,4316.3
SUB-HIMALAYAN W BENGAL & SIKKIM,1970,2702.2
GANGETIC WEST BENGAL,1970,1648.4
ORISSA,1970,1410.2
JHARKHAND,1970,1292.3
BIHAR ,1970,1074.6
EAST UTTAR PRADESH,1970,1132.3
WEST UTTAR PRADESH,1970,866.4
UTTARANCHAL,1970,1288
"HARYANA, DELHI & CHANDIGARH",1970,533.8
PUNJAB ,1970,650.6
HIMACHAL PRADESH,1970,1082.7
WEST RAJASTHAN ,1970,355.7
EAST  RAJASTHAN ,1970,716.8
EAST MADHYA PRADESH,1970,1342.3
"GUJARAT REGION, DADRA & NAGAR HAVELI",1970,1360.7
SAURASHTRA KUTCH & DIU,1970,835.5
KOKAN & GOA,1970,3621
MADHYA MAHARASHTRA,1970,941.2
MARATWADA ,1970,910.8
VIDARBHA,1970,1240.5
CHATTISGARH,1970,1512.2
COSTAL ANDHRA PRADESH,1970,951.7
TELENGANA,1970,953.9
RAYALSEEMA,1970,677.3
TAMIL NADU & PONDICHERRY,1970,942
COASTAL KARNATAKA,1970,4041.9
NORTH INTERIOR KARNATAKA,1970,790.6
SOUTH INTERIOR KARNATAKA,1970,1073.7
KERALA,1970,2703.3
LAKSHADWEEP ,1970,1783
ANDAMAN & NICOBAR ISLANDS,1971,2998.7
ASSAM & MEGHALAYA,1971,2564.3
"NAGALAND, MANIPUR, MIZORAM,TRIPURA",1971,3080.9
SUB-HIMALAYAN W BENGAL & SIKKIM,1971,2985
GANGETIC WEST BENGAL,1971,2099.8
ORISSA,1971,1604.2
JHARKHAND,1971,1898.7
BIHAR ,1971,1432.5
EAST UTTAR PRADESH,1971,1314.8
WEST UTTAR PRADESH,1971,1002.2
UTTARANCHAL,1971,1808.6
"HARYANA, DELHI & CHANDIGARH",1971,636.4
PUNJAB ,1971,748.1
HIMACHAL PRADESH,1971,1274.9
WEST RAJASTHAN ,1971,251.7
EAST  RAJASTHAN ,1971,782.3
EAST MADHYA PRADESH,1971,1518.8
"GUJARAT REGION, DADRA & NAGAR HAVELI",1971,768.4
SAURASHTRA KUTCH & DIU,1971,515.7
KOKAN & GOA,1971,2747.9
MADHYA MAHARASHTRA,1971,773.3
MARATWADA ,1971,607.9
VIDARBHA,1971,882.3
CHATTISGARH,1971,1533.6
COSTAL ANDHRA PRADESH,1971,906.4
TELENGANA,1971,669.5
RAYALSEEMA,1971,551.7
TAMIL NADU & PONDICHERRY,1971,1047.6
COASTAL KARNATAKA,1971,3235.4
NORTH INTERIOR KARNATAKA,1971,612.1
SOUTH INTERIOR KARNATAKA,1971,1018.4
KERALA,1971,3076.7
LAKSHADWEEP ,1971,1901.4
ANDAMAN & NICOBAR ISLANDS,1972,3323.1
ASSAM & MEGHALAYA,1972,2479.2
"NAGALAND, MANIPUR, MIZORAM,TRIPURA",1972,1353.9
SUB-HIMALAYAN W BENGAL & SIKKIM,1972,2403
GANGETIC WEST BENGAL,1972,1333.2
ORISSA,1972,1325
JHARKHAND,1972,996.2
BIHAR ,1972,717.9
EAST UTTAR PRADESH,1972,665.9
WEST UTTAR PRADESH,1972,584.2
UTTARANCHAL,1972,1073.5
"HARYANA, DELHI & CHANDIGARH",1972,432
PUNJAB ,1972,471.1
HIMACHAL PRADESH,1972,842.3
WEST RAJASTHAN ,1972,185.9
EAST  RAJASTHAN ,1972,453.6
EAST MADHYA PRADESH,1972,1038.2
"GUJARAT REGION, DADRA & NAGAR HAVELI",1972,507.9
SAURASHTRA KUTCH & DIU,1972,209.2
KOKAN & GOA,1972,1883.1
MADHYA MAHARASHTRA,1972,519.9
MARATWADA ,1972,347.1
VIDARBHA,1972,740.9
CHATTISGARH,1972,1173.6
COSTAL ANDHRA PRADESH,1972,999.8
TELENGANA,1972,608.7
RAYALSEEMA,1972,682.9
TAMIL NADU & PONDICHERRY,1972,1093.3
COASTAL KARNATAKA,1972,2857
NORTH INTERIOR KARNATAKA,1972,499.3
SOUTH INTERIOR KARNATAKA,1972,1064.6
KERALA,1972,2739.2
LAKSHADWEEP ,1972,1287.6
ANDAMAN & NICOBAR ISLANDS,1973,2991
ASSAM & MEGHALAYA,1973,2921
"NAGALAND, MANIPUR, MIZORAM,TRIPURA",1973,2128.1
SUB-HIMALAYAN W BENGAL & SIKKIM,1973,2676.9
GANGETIC WEST BENGAL,1973,1735.1
ORISSA,1973,1573.5
JHARKHAND,1973,1441.2
BIHAR ,1973,1189.1
EAST UTTAR PRADESH,1973,958.7
WEST UTTAR PRADESH,1973,808
UTTARANCHAL,1973,1235.8
"HARYANA, DELHI & CHANDIGARH",1973,518.4
PUNJAB ,1973,743.1
HIMACHAL PRADESH,1973,955.2
WEST RAJASTHAN ,1973,454.8
EAST  RAJASTHAN ,1973,930.2
EAST MADHYA PRADESH,1973,1252.4
"GUJARAT REGION, DADRA & NAGAR HAVELI",1973,1169.4
SAURASHTRA KUTCH & DIU,1973,382.6
KOKAN & GOA,1973,2860.4
MADHYA MAHARASHTRA,1973,980.6
MARATWADA ,1973,871.3
VIDARBHA,1973,1162.5
CHATTISGARH,1973,1453.2
COSTAL ANDHRA PRADESH,1973,809.2
TELENGANA,1973,959.4
RAYALSEEMA,1973,654.5
TAMIL NADU & PONDICHERRY,1973,858.7
COASTAL KARNATAKA,1973,3126
NORTH INTERIOR KARNATAKA,1973,761
SOUTH INTERIOR KARNATAKA,1973,1087.1
KERALA,1973,2412.4
LAKSHADWEEP ,1973,1557.4
ANDAMAN & NICOBAR ISLANDS,1974,2962.1
ASSAM & MEGHALAYA,1974,3921.5
"NAGALAND, MANIPUR, MIZORAM,TRIPURA",1974,2345.8
SUB-HIMALAYAN W BENGAL & SIKKIM,1974,3140.3
GANGETIC WEST BENGAL,1974,1470.6
ORISSA,1974,987
JHARKHAND,1974,1127
BIHAR ,1974,1235
EAST UTTAR PRADESH,1974,882.1
WEST UTTAR PRADESH,1974,669
UTTARANCHAL,1974,1161
"HARYANA, DELHI & CHANDIGARH",1974,383.6
PUNJAB ,1974,356.3
HIMACHAL PRADESH,1974,776.3
WEST RAJASTHAN ,1974,166.2
EAST  RAJASTHAN ,1974,606.3
EAST MADHYA PRADESH,1974,971.2
"GUJARAT REGION, DADRA & NAGAR HAVELI",1974,417.4
SAURASHTRA KUTCH & DIU,1974,174.8
KOKAN & GOA,1974,3080.4
MADHYA MAHARASHTRA,1974,911.8
MARATWADA ,1974,650.5
VIDARBHA,1974,840.8
CHATTISGARH,1974,957.7
COSTAL ANDHRA PRADESH,1974,841
TELENGANA,1974,831.7
RAYALSEEMA,1974,678.3
TAMIL NADU & PONDICHERRY,1974,652.8
COASTAL KARNATAKA,1974,3433.5
NORTH INTERIOR KARNATAKA,1974,828.6
SOUTH INTERIOR KARNATAKA,1974,1049.9
KERALA,1974,2767.5
LAKSHADWEEP ,1974,1511.3
ANDAMAN & NICOBAR ISLANDS,1975,3085.6
ASSAM & MEGHALAYA,1975,2431.6
"NAGALAND, MANIPUR, MIZORAM,TRIPURA",1975,2261.3
SUB-HIMALAYAN W BENGAL & SIKKIM,1975,2651.7
GANGETIC WEST BENGAL,1975,1466.2
ORISSA,1975,1392
JHARKHAND,1975,1379.2
BIHAR ,1975,1071.2
EAST UTTAR PRADESH,1975,1225.5
WEST UTTAR PRADESH,1975,989
UTTARANCHAL,1975,1579.6
"HARYANA, DELHI & CHANDIGARH",1975,604.5
PUNJAB ,1975,705.8
HIMACHAL PRADESH,1975,1054
WEST RAJASTHAN ,1975,553.9
EAST  RAJASTHAN ,1975,897.3
EAST MADHYA PRADESH,1975,1434.3
"GUJARAT REGION, DADRA & NAGAR HAVELI",1975,1178.4
SAURASHTRA KUTCH & DIU,1975,690.9
KOKAN & GOA,1975,3502.5
MADHYA MAHARASHTRA,1975,1040.7
MARATWADA ,1975,1050.8
VIDARBHA,1975,1324
CHATTISGARH,1975,1469.1
COSTAL ANDHRA PRADESH,1975,1098.5
TELENGANA,1975,1131.8
RAYALSEEMA,1975,952.8
TAMIL NADU & PONDICHERRY,1975,923.7
COASTAL KARNATAKA,1975,4300
NORTH INTERIOR KARNATAKA,1975,1097.8
SOUTH INTERIOR KARNATAKA,1975,1335.1
KERALA,1975,3498.4
LAKSHADWEEP ,1975,1890.5
ANDAMAN & NICOBAR ISLANDS,1976,3276
ASSAM & MEGHALAYA,1976,2073.5
"NAGALAND, MANIPUR, MIZORAM,TRIPURA",1976,2748.8
SUB-HIMALAYAN W BENGAL & SIKKIM,1976,2707.5
GANGETIC WEST BENGAL,1976,1240.6
ORISSA,1976,1179
JHARKHAND,1976,1191.7
BIHAR ,1976,1163.3
EAST UTTAR PRADESH,1976,929.4
WEST UTTAR PRADESH,1976,653.1
UTTARANCHAL,1976,985.5
"HARYANA, DELHI & CHANDIGARH",1976,725.9
PUNJAB ,1976,794.6
HIMACHAL PRADESH,1976,1179.5
WEST RAJASTHAN ,1976,425.1
EAST  RAJASTHAN ,1976,807.1
EAST MADHYA PRADESH,1976,1055.7
"GUJARAT REGION, DADRA & NAGAR HAVELI",1976,1622.4
SAURASHTRA KUTCH & DIU,1976,630.1
KOKAN & GOA,1976,3097.4
MADHYA MAHARASHTRA,1976,1025.9
MARATWADA ,1976,622.9
VIDARBHA,1976,974.8
CHATTISGARH,1976,1247.6
COSTAL ANDHRA PRADESH,1976,1114.2
TELENGANA,1976,934
RAYALSEEMA,1976,626.1
TAMIL NADU & PONDICHERRY,1976,859
COASTAL KARNATAKA,1976,2934
NORTH INTERIOR KARNATAKA,1976,562.5
SOUTH INTERIOR KARNATAKA,1976,760.6
KERALA,1976,2068.8
LAKSHADWEEP ,1976,1502.1
ANDAMAN & NICOBAR ISLANDS,1977,2388.2
ASSAM & MEGHALAYA,1977,2791.2
"NAGALAND, MANIPUR, MIZORAM,TRIPURA",1977,2358.6
SUB-HIMALAYAN W BENGAL & SIKKIM,1977,2945.1
GANGETIC WEST BENGAL,1977,1840.6
ORISSA,1977,1477.9
JHARKHAND,1977,1521.5
BIHAR ,1977,1151.3
EAST UTTAR PRADESH,1977,914.1
WEST UTTAR PRADESH,1977,994.5
UTTARANCHAL,1977,1413.2
"HARYANA, DELHI & CHANDIGARH",1977,731.3
PUNJAB ,1977,712.7
HIMACHAL PRADESH,1977,1245
WEST RAJASTHAN ,1977,389.2
EAST  RAJASTHAN ,1977,888.2
EAST MADHYA PRADESH,1977,1372.2
"GUJARAT REGION, DADRA & NAGAR HAVELI",1977,1304
SAURASHTRA KUTCH & DIU,1977,559.7
KOKAN & GOA,1977,3075.1
MADHYA MAHARASHTRA,1977,947.1
MARATWADA ,1977,767.8
VIDARBHA,1977,1068
CHATTISGARH,1977,1375
COSTAL ANDHRA PRADESH,1977,990.3
TELENGANA,1977,794.7
RAYALSEEMA,1977,780.9
TAMIL NADU & PONDICHERRY,1977,1246
COASTAL KARNATAKA,1977,3378.9
NORTH INTERIOR KARNATAKA,1977,851.7
SOUTH INTERIOR KARNATAKA,1977,1200.7
KERALA,1977,3047.6
LAKSHADWEEP ,1977,1848.2
ANDAMAN & NICOBAR ISLANDS,1978,2712.4
ASSAM & MEGHALAYA,1978,2107.8
"NAGALAND, MANIPUR, MIZORAM,TRIPURA",1978,2193.4
SUB-HIMALAYAN W BENGAL & SIKKIM,1978,2533.9
GANGETIC WEST BENGAL,1978,1872.7
ORISSA,1978,1438.9
JHARKHAND,1978,1556.3
BIHAR ,1978,1290.8
EAST UTTAR PRADESH,1978,1116.5
WEST UTTAR PRADESH,1978,1244
UTTARANCHAL,1978,2031.4
"HARYANA, DELHI & CHANDIGARH",1978,644.3
PUNJAB ,1978,720.7
HIMACHAL PRADESH,1978,1371.2
WEST RAJASTHAN ,1978,379.6
EAST  RAJASTHAN ,1978,722.2
EAST MADHYA PRADESH,1978,1392.5
"GUJARAT REGION, DADRA & NAGAR HAVELI",1978,947
SAURASHTRA KUTCH & DIU,1978,489
KOKAN & GOA,1978,2850.2
MADHYA MAHARASHTRA,1978,883.7
MARATWADA ,1978,784.8
VIDARBHA,1978,1249.4
CHATTISGARH,1978,1359.4
COSTAL ANDHRA PRADESH,1978,1003.6
TELENGANA,1978,1201.6
RAYALSEEMA,1978,754.2
TAMIL NADU & PONDICHERRY,1978,998.9
COASTAL KARNATAKA,1978,3863
NORTH INTERIOR KARNATAKA,1978,914
SOUTH INTERIOR KARNATAKA,1978,1228.9
KERALA,1978,3176.7
LAKSHADWEEP ,1978,1967.4
ANDAMAN & NICOBAR ISLANDS,1979,1849.3
ASSAM & MEGHALAYA,1979,2425.9
"NAGALAND, MANIPUR, MIZORAM,TRIPURA",1979,1755
SUB-HIMALAYAN W BENGAL & SIKKIM,1979,2546.1
GANGETIC WEST BENGAL,1979,1157.8
ORISSA,1979,996
JHARKHAND,1979,884.7
BIHAR ,1979,1001.7
EAST UTTAR PRADESH,1979,696.5
WEST UTTAR PRADESH,1979,557.7
UTTARANCHAL,1979,1072.4
"HARYANA, DELHI & CHANDIGARH",1979,341.1
PUNJAB ,1979,463.9
HIMACHAL PRADESH,1979,1021
WEST RAJASTHAN ,1979,308.4
EAST  RAJASTHAN ,1979,511.3
EAST MADHYA PRADESH,1979,809.7
"GUJARAT REGION, DADRA & NAGAR HAVELI",1979,904
SAURASHTRA KUTCH & DIU,1979,965.9
KOKAN & GOA,1979,2517.2
MADHYA MAHARASHTRA,1979,1026.7
MARATWADA ,1979,807.4
VIDARBHA,1979,1087.3
CHATTISGARH,1979,898.6
COSTAL ANDHRA PRADESH,1979,941.2
TELENGANA,1979,771.6
RAYALSEEMA,1979,729.5
TAMIL NADU & PONDICHERRY,1979,1103.3
COASTAL KARNATAKA,1979,2823.5
NORTH INTERIOR KARNATAKA,1979,963.2
SOUTH INTERIOR KARNATAKA,1979,1125.3
KERALA,1979,2503.1
LAKSHADWEEP ,1979,1825.4
ANDAMAN & NICOBAR ISLANDS,1980,3625.3
ASSAM & MEGHALAYA,1980,2348.9
"NAGALAND, MANIPUR, MIZORAM,TRIPURA",1980,2120.8
SUB-HIMALAYAN W BENGAL & SIKKIM,1980,3433.1
GANGETIC WEST BENGAL,1980,1520.8
ORISSA,1980,1462.9
JHARKHAND,1980,1340.4
BIHAR ,1980,1252
EAST UTTAR PRADESH,1980,1488.6
WEST UTTAR PRADESH,1980,987.1
UTTARANCHAL,1980,1331.2
"HARYANA, DELHI & CHANDIGARH",1980,522.9
PUNJAB ,1980,661.7
HIMACHAL PRADESH,1980,1154.9
WEST RAJASTHAN ,1980,238.3
EAST  RAJASTHAN ,1980,541.7
EAST MADHYA PRADESH,1980,1369.1
"GUJARAT REGION, DADRA & NAGAR HAVELI",1980,824.8
SAURASHTRA KUTCH & DIU,1980,642.2
KOKAN & GOA,1980,2748
MADHYA MAHARASHTRA,1980,939.5
MARATWADA ,1980,812.8
VIDARBHA,1980,1042.5
CHATTISGARH,1980,1461.9
COSTAL ANDHRA PRADESH,1980,947.7
TELENGANA,1980,809.3
RAYALSEEMA,1980,502.5
TAMIL NADU & PONDICHERRY,1980,709.2
COASTAL KARNATAKA,1980,3762.1
NORTH INTERIOR KARNATAKA,1980,702.2
SOUTH INTERIOR KARNATAKA,1980,1227
KERALA,1980,2803.4
LAKSHADWEEP ,1980,1211.7
ANDAMAN & NICOBAR ISLANDS,1981,3074.7
ASSAM & MEGHALAYA,1981,2146.3
"NAGALAND, MANIPUR, MIZORAM,TRIPURA",1981,2054.8
SUB-HIMALAYAN W BENGAL & SIKKIM,1981,2987
GANGETIC WEST BENGAL,1981,1909.1
ORISSA,1981,1295.6
JHARKHAND,1981,1167.2
BIHAR ,1981,1370.2
EAST UTTAR PRADESH,1981,1110.3
WEST UTTAR PRADESH,1981,740.9
UTTARANCHAL,1981,1350
"HARYANA, DELHI & CHANDIGARH",1981,488.8
PUNJAB ,1981,503.8
HIMACHAL PRADESH,1981,1147.2
WEST RAJASTHAN ,1981,248.5
EAST  RAJASTHAN ,1981,615.1
EAST MADHYA PRADESH,1981,1036.1
"GUJARAT REGION, DADRA & NAGAR HAVELI",1981,1112.1
SAURASHTRA KUTCH & DIU,1981,709.7
KOKAN & GOA,1981,3207.7
MADHYA MAHARASHTRA,1981,929.8
MARATWADA ,1981,786.8
VIDARBHA,1981,1218.6
CHATTISGARH,1981,1199.8
COSTAL ANDHRA PRADESH,1981,959.5
TELENGANA,1981,1054.8
RAYALSEEMA,1981,723.7
TAMIL NADU & PONDICHERRY,1981,1046
COASTAL KARNATAKA,1981,3848.6
NORTH INTERIOR KARNATAKA,1981,890.7
SOUTH INTERIOR KARNATAKA,1981,1182.2
KERALA,1981,3005.8
LAKSHADWEEP ,1981,1617.4
ANDAMAN & NICOBAR ISLANDS,1982,2384.5
ASSAM & MEGHALAYA,1982,2509.1
"NAGALAND, MANIPUR, MIZORAM,TRIPURA",1982,1974.9
SUB-HIMALAYAN W BENGAL & SIKKIM,1982,2337.5
GANGETIC WEST BENGAL,1982,1111
ORISSA,1982,1258.6
JHARKHAND,1982,1085.3
BIHAR ,1982,933.6
EAST UTTAR PRADESH,1982,1110.6
WEST UTTAR PRADESH,1982,971.1
UTTARANCHAL,1982,1368
"HARYANA, DELHI & CHANDIGARH",1982,509
PUNJAB ,1982,571.4
HIMACHAL PRADESH,1982,1423
WEST RAJASTHAN ,1982,311.8
EAST  RAJASTHAN ,1982,658.4
EAST MADHYA PRADESH,1982,1297.2
"GUJARAT REGION, DADRA & NAGAR HAVELI",1982,754.4
SAURASHTRA KUTCH & DIU,1982,403.1
KOKAN & GOA,1982,2691.3
MADHYA MAHARASHTRA,1982,752
MARATWADA ,1982,636.5
VIDARBHA,1982,856.1
CHATTISGARH,1982,1188.8
COSTAL ANDHRA PRADESH,1982,827.5
TELENGANA,1982,877.6
RAYALSEEMA,1982,561.2
TAMIL NADU & PONDICHERRY,1982,678.8
COASTAL KARNATAKA,1982,4090.7
NORTH INTERIOR KARNATAKA,1982,683.2
SOUTH INTERIOR KARNATAKA,1982,1000
KERALA,1982,2223.3
LAKSHADWEEP ,1982,1392
ANDAMAN & NICOBAR ISLANDS,1983,2792.5
ASSAM & MEGHALAYA,1983,2726.5
"NAGALAND, MANIPUR, MIZORAM,TRIPURA",1983,2556.8
SUB-HIMALAYAN W BENGAL & SIKKIM,1983,2768.7
GANGETIC WEST BENGAL,1983,1463.6
ORISSA,1983,1432.1
JHARKHAND,1983,1261.8
BIHAR ,1983,1106.1
EAST UTTAR PRADESH,1983,1205
WEST UTTAR PRADESH,1983,1191.7
UTTARANCHAL,1983,1525.2
"HARYANA, DELHI & CHANDIGARH",1983,743.5
PUNJAB ,1983,751
HIMACHAL PRADESH,1983,1189.6
WEST RAJASTHAN ,1983,469.3
EAST  RAJASTHAN ,1983,795.3
EAST MADHYA PRADESH,1983,1275.5
"GUJARAT REGION, DADRA & NAGAR HAVELI",1983,1221.8
SAURASHTRA KUTCH & DIU,1983,768.3
KOKAN & GOA,1983,3813
MADHYA MAHARASHTRA,1983,918.6
MARATWADA ,1983,1187.7
VIDARBHA,1983,1240.5
CHATTISGARH,1983,1354.8
COSTAL ANDHRA PRADESH,1983,1161.1
TELENGANA,1983,1362.2
RAYALSEEMA,1983,792.3
TAMIL NADU & PONDICHERRY,1983,1007.9
COASTAL KARNATAKA,1983,3942.1
NORTH INTERIOR KARNATAKA,1983,809.2
SOUTH INTERIOR KARNATAKA,1983,1109.9
KERALA,1983,2397
LAKSHADWEEP ,1983,1403.2
ANDAMAN & NICOBAR ISLANDS,1984,2820.3
ASSAM & MEGHALAYA,1984,3707.5
"NAGALAND, MANIPUR, MIZORAM,TRIPURA",1984,2408.1
SUB-HIMALAYAN W BENGAL & SIKKIM,1984,2634.1
GANGETIC WEST BENGAL,1984,1831.7
ORISSA,1984,1377.5
JHARKHAND,1984,1529.8
BIHAR ,1984,1433.6
EAST UTTAR PRADESH,1984,1076.6
WEST UTTAR PRADESH,1984,781.2
UTTARANCHAL,1984,1339.1
"HARYANA, DELHI & CHANDIGARH",1984,480.9
PUNJAB ,1984,710.4
HIMACHAL PRADESH,1984,968.3
WEST RAJASTHAN ,1984,203.3
EAST  RAJASTHAN ,1984,555.3
EAST MADHYA PRADESH,1984,1110.7
"GUJARAT REGION, DADRA & NAGAR HAVELI",1984,857
SAURASHTRA KUTCH & DIU,1984,442.5
KOKAN & GOA,1984,2570.3
MADHYA MAHARASHTRA,1984,779.8
MARATWADA ,1984,552.8
VIDARBHA,1984,810.6
CHATTISGARH,1984,1244.1
COSTAL ANDHRA PRADESH,1984,804.2
TELENGANA,1984,677.4
RAYALSEEMA,1984,576.3
TAMIL NADU & PONDICHERRY,1984,1023.7
COASTAL KARNATAKA,1984,3359.1
NORTH INTERIOR KARNATAKA,1984,623.9
SOUTH INTERIOR KARNATAKA,1984,1068.5
KERALA,1984,2762.2
LAKSHADWEEP ,1984,1591.6
ANDAMAN & NICOBAR ISLANDS,1985,2630.8
ASSAM & MEGHALAYA,1985,3072.1
"NAGALAND, MANIPUR, MIZORAM,TRIPURA",1985,2192.1
SUB-HIMALAYAN W BENGAL & SIKKIM,1985,3039
GANGETIC WEST BENGAL,1985,1413.5
ORISSA,1985,1607.3
JHARKHAND,1985,1240.2
BIHAR ,1985,1457.2
EAST UTTAR PRADESH,1985,1175.9
WEST UTTAR PRADESH,1985,966.5
UTTARANCHAL,1985,1648.2
"HARYANA, DELHI & CHANDIGARH",1985,572.4
PUNJAB ,1985,753
HIMACHAL PRADESH,1985,1194
WEST RAJASTHAN ,1985,197.3
EAST  RAJASTHAN ,1985,580.5
EAST MADHYA PRADESH,1985,1115.3
"GUJARAT REGION, DADRA & NAGAR HAVELI",1985,594.2
SAURASHTRA KUTCH & DIU,1985,292.4
KOKAN & GOA,1985,3020.3
MADHYA MAHARASHTRA,1985,656
MARATWADA ,1985,575.5
VIDARBHA,1985,876.9
CHATTISGARH,1985,1232.3
COSTAL ANDHRA PRADESH,1985,928.2
TELENGANA,1985,744.1
RAYALSEEMA,1985,539.6
TAMIL NADU & PONDICHERRY,1985,1063.4
COASTAL KARNATAKA,1985,3015.8
NORTH INTERIOR KARNATAKA,1985,506.1
SOUTH INTERIOR KARNATAKA,1985,858.9
KERALA,1985,2390.8
LAKSHADWEEP ,1985,1303.4
ANDAMAN & NICOBAR ISLANDS,1986,2187.9
ASSAM & MEGHALAYA,1986,2997.7
"NAGALAND, MANIPUR, MIZORAM,TRIPURA",1986,2342.2
SUB-HIMALAYAN W BENGAL & SIKKIM,1986,2365.4
GANGETIC WEST BENGAL,1986,1790.8
ORISSA,1986,1559.9
JHARKHAND,1986,1335.5
BIHAR ,1986,1322.7
EAST UTTAR PRADESH,1986,935.6
WEST UTTAR PRADESH,1986,716.6
UTTARANCHAL,1986,1509.6
"HARYANA, DELHI & CHANDIGARH",1986,451
PUNJAB ,1986,612
HIMACHAL PRADESH,1986,1322.6
WEST RAJASTHAN ,1986,204.2
EAST  RAJASTHAN ,1986,586.7
EAST MADHYA PRADESH,1986,1029.2
"GUJARAT REGION, DADRA & NAGAR HAVELI",1986,502
SAURASHTRA KUTCH & DIU,1986,300.8
KOKAN & GOA,1986,2109
MADHYA MAHARASHTRA,1986,644.3
MARATWADA ,1986,558.6
VIDARBHA,1986,1157.1
CHATTISGARH,1986,1341.9
COSTAL ANDHRA PRADESH,1986,990.5
TELENGANA,1986,916.6
RAYALSEEMA,1986,502.4
TAMIL NADU & PONDICHERRY,1986,953
COASTAL KARNATAKA,1986,2934.5
NORTH INTERIOR KARNATAKA,1986,624.7
SOUTH INTERIOR KARNATAKA,1986,1034.9
KERALA,1986,2093.4
LAKSHADWEEP ,1986,1465.9
ANDAMAN & NICOBAR ISLANDS,1987,2763.9
ASSAM & MEGHALAYA,1987,3304.4
"NAGALAND, MANIPUR, MIZORAM,TRIPURA",1987,2361.2
SUB-HIMALAYAN W BENGAL & SIKKIM,1987,3133.2
GANGETIC WEST BENGAL,1987,1591.5
ORISSA,1987,1097.7
JHARKHAND,1987,1332.7
BIHAR ,1987,1666
EAST UTTAR PRADESH,1987,824.6
WEST UTTAR PRADESH,1987,467.3
UTTARANCHAL,1987,984.4
"HARYANA, DELHI & CHANDIGARH",1987,318.6
PUNJAB ,1987,409.5
HIMACHAL PRADESH,1987,1035.5
WEST RAJASTHAN ,1987,143
EAST  RAJASTHAN ,1987,432.2
EAST MADHYA PRADESH,1987,1116.1
"GUJARAT REGION, DADRA & NAGAR HAVELI",1987,406.8
SAURASHTRA KUTCH & DIU,1987,86.5
KOKAN & GOA,1987,2626.7
MADHYA MAHARASHTRA,1987,807.5
MARATWADA ,1987,786.2
VIDARBHA,1987,822.6
CHATTISGARH,1987,1154.2
COSTAL ANDHRA PRADESH,1987,1026.8
TELENGANA,1987,897.8
RAYALSEEMA,1987,672.5
TAMIL NADU & PONDICHERRY,1987,967.3
COASTAL KARNATAKA,1987,2716.2
NORTH INTERIOR KARNATAKA,1987,746.7
SOUTH INTERIOR KARNATAKA,1987,941.7
KERALA,1987,2137.6
LAKSHADWEEP ,1987,1288.6
ANDAMAN & NICOBAR ISLANDS,1988,3323.1
ASSAM & MEGHALAYA,1988,3779.4
"NAGALAND, MANIPUR, MIZORAM,TRIPURA",1988,2820.2
SUB-HIMALAYAN W BENGAL & SIKKIM,1988,3019.7
GANGETIC WEST BENGAL,1988,1681.5
ORISSA,1988,1306.9
JHARKHAND,1988,1153.6
BIHAR ,1988,1337.6
EAST UTTAR PRADESH,1988,1103.8
WEST UTTAR PRADESH,1988,1034.1
UTTARANCHAL,1988,1598.9
"HARYANA, DELHI & CHANDIGARH",1988,845.1
PUNJAB ,1988,1222.6
HIMACHAL PRADESH,1988,1884.2
WEST RAJASTHAN ,1988,280.4
EAST  RAJASTHAN ,1988,636.8
EAST MADHYA PRADESH,1988,1079.6
"GUJARAT REGION, DADRA & NAGAR HAVELI",1988,1101.3
SAURASHTRA KUTCH & DIU,1988,775.8
KOKAN & GOA,1988,3266.4
MADHYA MAHARASHTRA,1988,976.5
MARATWADA ,1988,1169.9
VIDARBHA,1988,1308.6
CHATTISGARH,1988,1155.4
COSTAL ANDHRA PRADESH,1988,1054.9
TELENGANA,1988,1298.5
RAYALSEEMA,1988,815.7
TAMIL NADU & PONDICHERRY,1988,837.2
COASTAL KARNATAKA,1988,3466.6
NORTH INTERIOR KARNATAKA,1988,797.6
SOUTH INTERIOR KARNATAKA,1988,1019.3
KERALA,1988,2403.4
LAKSHADWEEP ,1988,1450.8
ANDAMAN & NICOBAR ISLANDS,1989,2533.7
ASSAM & MEGHALAYA,1989,3004.5
"NAGALAND, MANIPUR, MIZORAM,TRIPURA",1989,2359.1
SUB-HIMALAYAN W BENGAL & SIKKIM,1989,2685.1
GANGETIC WEST BENGAL,1989,1626.2
ORISSA,1989,1299.8
JHARKHAND,1989,1148.9
BIHAR ,1989,1269.9
EAST UTTAR PRADESH,1989,969.9
WEST UTTAR PRADESH,1989,659.7
UTTARANCHAL,1989,1262
"HARYANA, DELHI & CHANDIGARH",1989,415.4
PUNJAB ,1989,480.4
HIMACHAL PRADESH,1989,1177.2
WEST RAJASTHAN ,1989,248.2
EAST  RAJASTHAN ,1989,504.8
EAST MADHYA PRADESH,1989,921
"GUJARAT REGION, DADRA & NAGAR HAVELI",1989,829.8
SAURASHTRA KUTCH & DIU,1989,503.2
KOKAN & GOA,1989,2728
MADHYA MAHARASHTRA,1989,816.5
MARATWADA ,1989,1068.4
VIDARBHA,1989,997.8
CHATTISGARH,1989,1184.4
COSTAL ANDHRA PRADESH,1989,961.3
TELENGANA,1989,1131.4
RAYALSEEMA,1989,662.9
TAMIL NADU & PONDICHERRY,1989,858.4
COASTAL KARNATAKA,1989,3215.6
NORTH INTERIOR KARNATAKA,1989,670.8
SOUTH INTERIOR KARNATAKA,1989,911.3
KERALA,1989,2422.6
LAKSHADWEEP ,1989,1714.4
ANDAMAN & NICOBAR ISLANDS,1990,2183.2
ASSAM & MEGHALAYA,1990,2927.6
"NAGALAND, MANIPUR, MIZORAM,TRIPURA",1990,2586.5
SUB-HIMALAYAN W BENGAL & SIKKIM,1990,3419.9
GANGETIC WEST BENGAL,1990,1960.3
ORISSA,1990,1905.1
JHARKHAND,1990,1404.5
BIHAR ,1990,1239.2
EAST UTTAR PRADESH,1990,1115.3
WEST UTTAR PRADESH,1990,963.1
UTTARANCHAL,1990,1555.8
"HARYANA, DELHI & CHANDIGARH",1990,710.2
PUNJAB ,1990,754.7
HIMACHAL PRADESH,1990,1462.8
WEST RAJASTHAN ,1990,445
EAST  RAJASTHAN ,1990,773.9
EAST MADHYA PRADESH,1990,1379.9
"GUJARAT REGION, DADRA & NAGAR HAVELI",1990,1115.9
SAURASHTRA KUTCH & DIU,1990,402.7
KOKAN & GOA,1990,3540
MADHYA MAHARASHTRA,1990,1022.5
MARATWADA ,1990,1198.1
VIDARBHA,1990,1504.8
CHATTISGARH,1990,1633.5
COSTAL ANDHRA PRADESH,1990,1493.2
TELENGANA,1990,1275.4
RAYALSEEMA,1990,765.8
TAMIL NADU & PONDICHERRY,1990,912.1
COASTAL KARNATAKA,1990,4157
NORTH INTERIOR KARNATAKA,1990,726.2
SOUTH INTERIOR KARNATAKA,1990,850.8
KERALA,1990,2693.3
LAKSHADWEEP ,1990,1310.5
ANDAMAN & NICOBAR ISLANDS,1991,2535.6
ASSAM & MEGHALAYA,1991,3186.9
"NAGALAND, MANIPUR, MIZORAM,TRIPURA",1991,2853.4
SUB-HIMALAYAN W BENGAL & SIKKIM,1991,3008.2
GANGETIC WEST BENGAL,1991,1598.5
ORISSA,1991,1474.4
JHARKHAND,1991,1251
BIHAR ,1991,1045.8
EAST UTTAR PRADESH,1991,875.3
WEST UTTAR PRADESH,1991,771.1
UTTARANCHAL,1991,1018
"HARYANA, DELHI & CHANDIGARH",1991,385.4
PUNJAB ,1991,475.8
HIMACHAL PRADESH,1991,1104.8
WEST RAJASTHAN ,1991,179.1
EAST  RAJASTHAN ,1991,574
EAST MADHYA PRADESH,1991,1016.8
"GUJARAT REGION, DADRA & NAGAR HAVELI",1991,673.4
SAURASHTRA KUTCH & DIU,1991,218.9
KOKAN & GOA,1991,2903
MADHYA MAHARASHTRA,1991,882.4
MARATWADA ,1991,601
VIDARBHA,1991,838.7
CHATTISGARH,1991,1177.6
COSTAL ANDHRA PRADESH,1991,1196.1
TELENGANA,1991,870.1
RAYALSEEMA,1991,812.3
TAMIL NADU & PONDICHERRY,1991,956.2
COASTAL KARNATAKA,1991,3719.7
NORTH INTERIOR KARNATAKA,1991,727.5
SOUTH INTERIOR KARNATAKA,1991,1220.7
KERALA,1991,3184.5
LAKSHADWEEP ,1991,1583
ANDAMAN & NICOBAR ISLANDS,1992,2098.6
ASSAM & MEGHALAYA,1992,2452.2
"NAGALAND, MANIPUR, MIZORAM,TRIPURA",1992,2222.3
SUB-HIMALAYAN W BENGAL & SIKKIM,1992,2430.2
GANGETIC WEST BENGAL,1992,1392.2
ORISSA,1992,1324.9
JHARKHAND,1992,933.1
BIHAR ,1992,798.7
EAST UTTAR PRADESH,1992,863.4
WEST UTTAR PRADESH,1992,820.1
UTTARANCHAL,1992,1107.6
"HARYANA, DELHI & CHANDIGARH",1992,428.6
PUNJAB ,1992,478.1
HIMACHAL PRADESH,1992,1383.1
WEST RAJASTHAN ,1992,425.8
EAST  RAJASTHAN ,1992,721.8
EAST MADHYA PRADESH,1992,1051.1
"GUJARAT REGION, DADRA & NAGAR HAVELI",1992,888.1
SAURASHTRA KUTCH & DIU,1992,603.2
KOKAN & GOA,1992,2828
MADHYA MAHARASHTRA,1992,800.2
MARATWADA ,1992,726.6
VIDARBHA,1992,1148.8
CHATTISGARH,1992,1129.4
COSTAL ANDHRA PRADESH,1992,958.6
TELENGANA,1992,773.1
RAYALSEEMA,1992,561.1
TAMIL NADU & PONDICHERRY,1992,918.8
COASTAL KARNATAKA,1992,3882.1
NORTH INTERIOR KARNATAKA,1992,671.6
SOUTH INTERIOR KARNATAKA,1992,1202.5
KERALA,1992,3239.4
LAKSHADWEEP ,1992,1534.9
ANDAMAN & NICOBAR ISLANDS,1993,2237.4
ASSAM & MEGHALAYA,1993,3160.4
"NAGALAND, MANIPUR, MIZORAM,TRIPURA",1993,2886.6
SUB-HIMALAYAN W BENGAL & SIKKIM,1993,2726.6
GANGETIC WEST BENGAL,1993,1763.6
ORISSA,1993,1448.1
JHARKHAND,1993,1204
BIHAR ,1993,1208.4
EAST UTTAR PRADESH,1993,833.8
WEST UTTAR PRADESH,1993,768.8
UTTARANCHAL,1993,1594
"HARYANA, DELHI & CHANDIGARH",1993,528.1
PUNJAB ,1993,582.9
HIMACHAL PRADESH,1993,1128.3
WEST RAJASTHAN ,1993,293.5
EAST  RAJASTHAN ,1993,594.4
EAST MADHYA PRADESH,1993,1118.8
"GUJARAT REGION, DADRA & NAGAR HAVELI",1993,937.4
SAURASHTRA KUTCH & DIU,1993,302.7
KOKAN & GOA,1993,3430.4
MADHYA MAHARASHTRA,1993,1024.3
MARATWADA ,1993,806.4
VIDARBHA,1993,1023
CHATTISGARH,1993,1188.6
COSTAL ANDHRA PRADESH,1993,931.2
TELENGANA,1993,820
RAYALSEEMA,1993,771.9
TAMIL NADU & PONDICHERRY,1993,1082.3
COASTAL KARNATAKA,1993,3481.3
NORTH INTERIOR KARNATAKA,1993,741
SOUTH INTERIOR KARNATAKA,1993,1035.1
KERALA,1993,2717.7
LAKSHADWEEP ,1993,1449.7
ANDAMAN & NICOBAR ISLANDS,1994,3263.1
ASSAM & MEGHALAYA,1994,2310
"NAGALAND, MANIPUR, MIZORAM,TRIPURA",1994,1716.3
SUB-HIMALAYAN W BENGAL & SIKKIM,1994,2233.1
GANGETIC WEST BENGAL,1994,1535
ORISSA,1994,1839.4
JHARKHAND,1994,1579.4
BIHAR ,1994,970.1
EAST UTTAR PRADESH,1994,910.3
WEST UTTAR PRADESH,1994,805.9
UTTARANCHAL,1994,1441.8
"HARYANA, DELHI & CHANDIGARH",1994,558.2
PUNJAB ,1994,580.9
HIMACHAL PRADESH,1994,1410.3
WEST RAJASTHAN ,1994,415.4
EAST  RAJASTHAN ,1994,831.1
EAST MADHYA PRADESH,1994,1533.8
"GUJARAT REGION, DADRA & NAGAR HAVELI",1994,1480.3
SAURASHTRA KUTCH & DIU,1994,887.9
KOKAN & GOA,1994,3149.5
MADHYA MAHARASHTRA,1994,1027.1
MARATWADA ,1994,583.6
VIDARBHA,1994,1427.1
CHATTISGARH,1994,1746.2
COSTAL ANDHRA PRADESH,1994,1109.2
TELENGANA,1994,887
RAYALSEEMA,1994,608.6
TAMIL NADU & PONDICHERRY,1994,905.9
COASTAL KARNATAKA,1994,4636.2
NORTH INTERIOR KARNATAKA,1994,647.4
SOUTH INTERIOR KARNATAKA,1994,1157.2
KERALA,1994,3410.8
LAKSHADWEEP ,1994,1547.1
ANDAMAN & NICOBAR ISLANDS,1995,3115.5
ASSAM & MEGHALAYA,1995,3279.4
"NAGALAND, MANIPUR, MIZORAM,TRIPURA",1995,2344.6
SUB-HIMALAYAN W BENGAL & SIKKIM,1995,3332
GANGETIC WEST BENGAL,1995,1951.1
ORISSA,1995,1744.3
JHARKHAND,1995,1366.6
BIHAR ,1995,1112
EAST UTTAR PRADESH,1995,860.2
WEST UTTAR PRADESH,1995,829.4
UTTARANCHAL,1995,1616.1
"HARYANA, DELHI & CHANDIGARH",1995,819.3
PUNJAB ,1995,869.2
HIMACHAL PRADESH,1995,1493.7
WEST RAJASTHAN ,1995,367.8
EAST  RAJASTHAN ,1995,755.9
EAST MADHYA PRADESH,1995,1032.3
"GUJARAT REGION, DADRA & NAGAR HAVELI",1995,668.4
SAURASHTRA KUTCH & DIU,1995,369.4
KOKAN & GOA,1995,2737.9
MADHYA MAHARASHTRA,1995,783.5
MARATWADA ,1995,809.5
VIDARBHA,1995,1077.5
CHATTISGARH,1995,1272.7
COSTAL ANDHRA PRADESH,1995,1278.4
TELENGANA,1995,1088.8
RAYALSEEMA,1995,752.6
TAMIL NADU & PONDICHERRY,1995,845
COASTAL KARNATAKA,1995,3357.8
NORTH INTERIOR KARNATAKA,1995,673.9
SOUTH INTERIOR KARNATAKA,1995,880.1
KERALA,1995,2858.8
LAKSHADWEEP ,1995,2030.9
ANDAMAN & NICOBAR ISLANDS,1996,2996.9
ASSAM & MEGHALAYA,1996,2673.2
"NAGALAND, MANIPUR, MIZORAM,TRIPURA",1996,2199.9
SUB-HIMALAYAN W BENGAL & SIKKIM,1996,2834.4
GANGETIC WEST BENGAL,1996,1567.6
ORISSA,1996,1094.2
JHARKHAND,1996,1191.6
BIHAR ,1996,1108.2
EAST UTTAR PRADESH,1996,1010.4
WEST UTTAR PRADESH,1996,940.9
UTTARANCHAL,1996,727.6
"HARYANA, DELHI & CHANDIGARH",1996,636.7
PUNJAB ,1996,589.6
HIMACHAL PRADESH,1996,1384.4
WEST RAJASTHAN ,1996,331.3
EAST  RAJASTHAN ,1996,787.6
EAST MADHYA PRADESH,1996,986.7
"GUJARAT REGION, DADRA & NAGAR HAVELI",1996,885.4
SAURASHTRA KUTCH & DIU,1996,377.3
KOKAN & GOA,1996,2870.7
MADHYA MAHARASHTRA,1996,977.7
MARATWADA ,1996,854.9
VIDARBHA,1996,854.9
CHATTISGARH,1996,1167.5
COSTAL ANDHRA PRADESH,1996,1229.4
TELENGANA,1996,912
RAYALSEEMA,1996,1101.3
TAMIL NADU & PONDICHERRY,1996,1070.2
COASTAL KARNATAKA,1996,3188.8
NORTH INTERIOR KARNATAKA,1996,816.3
SOUTH INTERIOR KARNATAKA,1996,1047.1
KERALA,1996,2609.9
LAKSHADWEEP ,1996,1606
ANDAMAN & NICOBAR ISLANDS,1997,2755.1
ASSAM & MEGHALAYA,1997,2588.5
"NAGALAND, MANIPUR, MIZORAM,TRIPURA",1997,2220.1
SUB-HIMALAYAN W BENGAL & SIKKIM,1997,2632.1
GANGETIC WEST BENGAL,1997,1660
ORISSA,1997,1496.5
JHARKHAND,1997,1466.2
BIHAR ,1997,1303.7
EAST UTTAR PRADESH,1997,492.9
WEST UTTAR PRADESH,1997,447.6
UTTARANCHAL,1997,454.9
"HARYANA, DELHI & CHANDIGARH",1997,663.3
PUNJAB ,1997,690.1
HIMACHAL PRADESH,1997,1454.5
WEST RAJASTHAN ,1997,439.9
EAST  RAJASTHAN ,1997,823.7
EAST MADHYA PRADESH,1997,1357
"GUJARAT REGION, DADRA & NAGAR HAVELI",1997,1051.9
SAURASHTRA KUTCH & DIU,1997,607
KOKAN & GOA,1997,2984
MADHYA MAHARASHTRA,1997,1005.5
MARATWADA ,1997,790.4
VIDARBHA,1997,1039.3
CHATTISGARH,1997,1307.8
COSTAL ANDHRA PRADESH,1997,1078.1
TELENGANA,1997,803.9
RAYALSEEMA,1997,719.5
TAMIL NADU & PONDICHERRY,1997,950.5
COASTAL KARNATAKA,1997,3953.5
NORTH INTERIOR KARNATAKA,1997,727.9
SOUTH INTERIOR KARNATAKA,1997,1181.1
KERALA,1997,3252.5
LAKSHADWEEP ,1997,1764.7
ANDAMAN & NICOBAR ISLANDS,1998,2846.4
ASSAM & MEGHALAYA,1998,3072.9
"NAGALAND, MANIPUR, MIZORAM,TRIPURA",1998,2228.2
SUB-HIMALAYAN W BENGAL & SIKKIM,1998,3498.2
GANGETIC WEST BENGAL,1998,1631.2
ORISSA,1998,1357.2
JHARKHAND,1998,1353.7
BIHAR ,1998,1332.6
EAST UTTAR PRADESH,1998,660.4
WEST UTTAR PRADESH,1998,865.2
UTTARANCHAL,1998,592.3
"HARYANA, DELHI & CHANDIGARH",1998,688.7
PUNJAB ,1998,588.6
HIMACHAL PRADESH,1998,1381.5
WEST RAJASTHAN ,1998,384.1
EAST  RAJASTHAN ,1998,592.3
EAST MADHYA PRADESH,1998,1013.4
"GUJARAT REGION, DADRA & NAGAR HAVELI",1998,1065.6
SAURASHTRA KUTCH & DIU,1998,569.4
KOKAN & GOA,1998,3269.8
MADHYA MAHARASHTRA,1998,1113.1
MARATWADA ,1998,1128.8
VIDARBHA,1998,1062.1
CHATTISGARH,1998,1294.5
COSTAL ANDHRA PRADESH,1998,1179.3
TELENGANA,1998,973.9
RAYALSEEMA,1998,866.5
TAMIL NADU & PONDICHERRY,1998,1079.8
COASTAL KARNATAKA,1998,3708
NORTH INTERIOR KARNATAKA,1998,861.7
SOUTH INTERIOR KARNATAKA,1998,1111.4
KERALA,1998,3151.4
LAKSHADWEEP ,1998,1986.9
ANDAMAN & NICOBAR ISLANDS,1999,2699.7
ASSAM & MEGHALAYA,1999,2913.2
"NAGALAND, MANIPUR, MIZORAM,TRIPURA",1999,2236.9
SUB-HIMALAYAN W BENGAL & SIKKIM,1999,3087
GANGETIC WEST BENGAL,1999,1956
ORISSA,1999,1484.4
JHARKHAND,1999,1586.9
BIHAR ,1999,1402.7
EAST UTTAR PRADESH,1999,952.7
WEST UTTAR PRADESH,1999,787.3
UTTARANCHAL,1999,614.3
"HARYANA, DELHI & CHANDIGARH",1999,344.1
PUNJAB ,1999,364.6
HIMACHAL PRADESH,1999,1144.9
WEST RAJASTHAN ,1999,233
EAST  RAJASTHAN ,1999,537.1
EAST MADHYA PRADESH,1999,1443.9
"GUJARAT REGION, DADRA & NAGAR HAVELI",1999,563.8
SAURASHTRA KUTCH & DIU,1999,383.8
KOKAN & GOA,1999,2912.4
MADHYA MAHARASHTRA,1999,967.7
MARATWADA ,1999,769.8
VIDARBHA,1999,1162.4
CHATTISGARH,1999,1303.1
COSTAL ANDHRA PRADESH,1999,748.1
TELENGANA,1999,757.6
RAYALSEEMA,1999,515.3
TAMIL NADU & PONDICHERRY,1999,922.6
COASTAL KARNATAKA,1999,3778.9
NORTH INTERIOR KARNATAKA,1999,661.4
SOUTH INTERIOR KARNATAKA,1999,1147.6
KERALA,1999,2914.7
LAKSHADWEEP ,1999,1857.3
ANDAMAN & NICOBAR ISLANDS,2000,2763.1
ASSAM & MEGHALAYA,2000,2729.3
"NAGALAND, MANIPUR, MIZORAM,TRIPURA",2000,2366.9
SUB-HIMALAYAN W BENGAL & SIKKIM,2000,2737
GANGETIC WEST BENGAL,2000,1573
ORISSA,2000,1066
JHARKHAND,2000,1191.5
BIHAR ,2000,1207
EAST UTTAR PRADESH,2000,946.9
WEST UTTAR PRADESH,2000,773
UTTARANCHAL,2000,1413.4
"HARYANA, DELHI & CHANDIGARH",2000,385.7
PUNJAB ,2000,405.3
HIMACHAL PRADESH,2000,1068.1
WEST RAJASTHAN ,2000,189.5
EAST  RAJASTHAN ,2000,469.1
EAST MADHYA PRADESH,2000,874.3
"GUJARAT REGION, DADRA & NAGAR HAVELI",2000,542.7
SAURASHTRA KUTCH & DIU,2000,300.6
KOKAN & GOA,2000,3145.7
MADHYA MAHARASHTRA,2000,710.8
MARATWADA ,2000,683.6
VIDARBHA,2000,1106.1
CHATTISGARH,2000,896.4
COSTAL ANDHRA PRADESH,2000,1019.1
TELENGANA,2000,995.2
RAYALSEEMA,2000,820.4
TAMIL NADU & PONDICHERRY,2000,972.2
COASTAL KARNATAKA,2000,3351.4
NORTH INTERIOR KARNATAKA,2000,716.2
SOUTH INTERIOR KARNATAKA,2000,1209.8
KERALA,2000,2412.5
LAKSHADWEEP ,2000,1372.1
ANDAMAN & NICOBAR ISLANDS,2001,2935.1
ASSAM & MEGHALAYA,2001,2260.1
"NAGALAND, MANIPUR, MIZORAM,TRIPURA",2001,1962.9
SUB-HIMALAYAN W BENGAL & SIKKIM,2001,2620
GANGETIC WEST BENGAL,2001,1459.9
ORISSA,2001,1777.5
JHARKHAND,2001,1397.8
BIHAR ,2001,1353.9
EAST UTTAR PRADESH,2001,1025.6
WEST UTTAR PRADESH,2001,696
UTTARANCHAL,2001,1460.6
"HARYANA, DELHI & CHANDIGARH",2001,616.9
PUNJAB ,2001,634.2
HIMACHAL PRADESH,2001,1102.5
WEST RAJASTHAN ,2001,294.1
EAST  RAJASTHAN ,2001,579.7
EAST MADHYA PRADESH,2001,1231.9
"GUJARAT REGION, DADRA & NAGAR HAVELI",2001,1007.6
SAURASHTRA KUTCH & DIU,2001,532.4
KOKAN & GOA,2001,2373.8
MADHYA MAHARASHTRA,2001,866.6
MARATWADA ,2001,849.1
VIDARBHA,2001,1107.5
CHATTISGARH,2001,1476.2
COSTAL ANDHRA PRADESH,2001,1051.5
TELENGANA,2001,896
RAYALSEEMA,2001,860.4
TAMIL NADU & PONDICHERRY,2001,785.4
COASTAL KARNATAKA,2001,3529.3
NORTH INTERIOR KARNATAKA,2001,586.5
SOUTH INTERIOR KARNATAKA,2001,948.1
KERALA,2001,2910.6
LAKSHADWEEP ,2001,1383.7
ANDAMAN & NICOBAR ISLANDS,2002,2310.7
ASSAM & MEGHALAYA,2002,2530.4
"NAGALAND, MANIPUR, MIZORAM,TRIPURA",2002,1960.8
SUB-HIMALAYAN W BENGAL & SIKKIM,2002,2820.1
GANGETIC WEST BENGAL,2002,1597.5
ORISSA,2002,1166.6
JHARKHAND,2002,1315.5
BIHAR ,2002,1193.3
EAST UTTAR PRADESH,2002,796
WEST UTTAR PRADESH,2002,729.1
UTTARANCHAL,2002,1588.5
"HARYANA, DELHI & CHANDIGARH",2002,471.8
PUNJAB ,2002,446.1
HIMACHAL PRADESH,2002,1075.5
WEST RAJASTHAN ,2002,118.9
EAST  RAJASTHAN ,2002,303.3
EAST MADHYA PRADESH,2002,1097.3
"GUJARAT REGION, DADRA & NAGAR HAVELI",2002,705.4
SAURASHTRA KUTCH & DIU,2002,402.7
KOKAN & GOA,2002,2324.2
MADHYA MAHARASHTRA,2002,711.7
MARATWADA ,2002,704.8
VIDARBHA,2002,1045.4
CHATTISGARH,2002,1049
COSTAL ANDHRA PRADESH,2002,757.3
TELENGANA,2002,767.7
RAYALSEEMA,2002,504.4
TAMIL NADU & PONDICHERRY,2002,723.4
COASTAL KARNATAKA,2002,2920.4
NORTH INTERIOR KARNATAKA,2002,556.3
SOUTH INTERIOR KARNATAKA,2002,869.1
KERALA,2002,2457.3
LAKSHADWEEP ,2002,1034.4
ANDAMAN & NICOBAR ISLANDS,2003,2446.9
ASSAM & MEGHALAYA,2003,2835.1
"NAGALAND, MANIPUR, MIZORAM,TRIPURA",2003,2029
SUB-HIMALAYAN W BENGAL & SIKKIM,2003,3288.5
GANGETIC WEST BENGAL,2003,1457.8
ORISSA,2003,1750.6
JHARKHAND,2003,1299
BIHAR ,2003,1454.8
EAST UTTAR PRADESH,2003,1177.1
WEST UTTAR PRADESH,2003,1129.5
UTTARANCHAL,2003,1903.7
"HARYANA, DELHI & CHANDIGARH",2003,720.7
PUNJAB ,2003,645.1
HIMACHAL PRADESH,2003,1268.9
WEST RAJASTHAN ,2003,386.7
EAST  RAJASTHAN ,2003,629.7
EAST MADHYA PRADESH,2003,1532.5
"GUJARAT REGION, DADRA & NAGAR HAVELI",2003,1259.4
SAURASHTRA KUTCH & DIU,2003,733.1
KOKAN & GOA,2003,2828.5
MADHYA MAHARASHTRA,2003,740.3
MARATWADA ,2003,645.2
VIDARBHA,2003,1032.9
CHATTISGARH,2003,1702.7
COSTAL ANDHRA PRADESH,2003,1118.6
TELENGANA,2003,1006.7
RAYALSEEMA,2003,654
TAMIL NADU & PONDICHERRY,2003,925
COASTAL KARNATAKA,2003,3086.5
NORTH INTERIOR KARNATAKA,2003,473.6
SOUTH INTERIOR KARNATAKA,2003,817.9
KERALA,2003,2275.8
LAKSHADWEEP ,2003,1533.2
ANDAMAN & NICOBAR ISLANDS,2004,2508.1
ASSAM & MEGHALAYA,2004,2890.9
"NAGALAND, MANIPUR, MIZORAM,TRIPURA",2004,1999.3
SUB-HIMALAYAN W BENGAL & SIKKIM,2004,2768.3
GANGETIC WEST BENGAL,2004,1488.1
ORISSA,2004,1337.6
JHARKHAND,2004,1153.5
BIHAR ,2004,1077
EAST UTTAR PRADESH,2004,902.4
WEST UTTAR PRADESH,2004,647.2
UTTARANCHAL,2004,1584.4
"HARYANA, DELHI & CHANDIGARH",2004,524
PUNJAB ,2004,445.1
HIMACHAL PRADESH,2004,766.4
WEST RAJASTHAN ,2004,190.3
EAST  RAJASTHAN ,2004,627.5
EAST MADHYA PRADESH,2004,946.8
"GUJARAT REGION, DADRA & NAGAR HAVELI",2004,1004.2
SAURASHTRA KUTCH & DIU,2004,498.3
KOKAN & GOA,2004,2911.7
MADHYA MAHARASHTRA,2004,883.4
MARATWADA ,2004,676.5
VIDARBHA,2004,796.3
CHATTISGARH,2004,1174.3
COSTAL ANDHRA PRADESH,2004,933.7
TELENGANA,2004,761.7
RAYALSEEMA,2004,655.9
TAMIL NADU & PONDICHERRY,2004,1104.6
COASTAL KARNATAKA,2004,3061.6
NORTH INTERIOR KARNATAKA,2004,644.5
SOUTH INTERIOR KARNATAKA,2004,1028.3
KERALA,2004,2911.3
LAKSHADWEEP ,2004,2096.8
ANDAMAN & NICOBAR ISLANDS,2005,2762.6
ASSAM & MEGHALAYA,2005,2314.8
"NAGALAND, MANIPUR, MIZORAM,TRIPURA",2005,1612.4
SUB-HIMALAYAN W BENGAL & SIKKIM,2005,2670.8
GANGETIC WEST BENGAL,2005,1585.4
ORISSA,2005,1549.7
JHARKHAND,2005,859.4
BIHAR ,2005,913.7
EAST UTTAR PRADESH,2005,828.3
WEST UTTAR PRADESH,2005,752.6
UTTARANCHAL,2005,1469.3
"HARYANA, DELHI & CHANDIGARH",2005,586.9
PUNJAB ,2005,603.5
HIMACHAL PRADESH,2005,996.4
WEST RAJASTHAN ,2005,260.3
EAST  RAJASTHAN ,2005,617.4
EAST MADHYA PRADESH,2005,1408.4
"GUJARAT REGION, DADRA & NAGAR HAVELI",2005,1385.4
SAURASHTRA KUTCH & DIU,2005,638.6
KOKAN & GOA,2005,3557.5
MADHYA MAHARASHTRA,2005,1101.6
MARATWADA ,2005,864.3
VIDARBHA,2005,1257.7
CHATTISGARH,2005,1305.1
COSTAL ANDHRA PRADESH,2005,1238.9
TELENGANA,2005,1230.8
RAYALSEEMA,2005,999.2
TAMIL NADU & PONDICHERRY,2005,1314
COASTAL KARNATAKA,2005,3274.8
NORTH INTERIOR KARNATAKA,2005,856.1
SOUTH INTERIOR KARNATAKA,2005,1357
KERALA,2005,3151
LAKSHADWEEP ,2005,1579
ANDAMAN & NICOBAR ISLANDS,2006,2447.9
ASSAM & MEGHALAYA,2006,1777.4
"NAGALAND, MANIPUR, MIZORAM,TRIPURA",2006,1561.6
SUB-HIMALAYAN W BENGAL & SIKKIM,2006,2304.5
GANGETIC WEST BENGAL,2006,1587.3
ORISSA,2006,1810
JHARKHAND,2006,1356
BIHAR ,2006,1000.5
EAST UTTAR PRADESH,2006,771.5
WEST UTTAR PRADESH,2006,510.4
UTTARANCHAL,2006,1264.8
"HARYANA, DELHI & CHANDIGARH",2006,377.1
PUNJAB ,2006,544.6
HIMACHAL PRADESH,2006,895.8
WEST RAJASTHAN ,2006,362.4
EAST  RAJASTHAN ,2006,711.6
EAST MADHYA PRADESH,2006,1007.6
"GUJARAT REGION, DADRA & NAGAR HAVELI",2006,1458
SAURASHTRA KUTCH & DIU,2006,702.9
KOKAN & GOA,2006,3378.9
MADHYA MAHARASHTRA,2006,1180.8
MARATWADA ,2006,819.3
VIDARBHA,2006,1276.5
CHATTISGARH,2006,1231.5
COSTAL ANDHRA PRADESH,2006,1034.9
TELENGANA,2006,1044.6
RAYALSEEMA,2006,608.9
TAMIL NADU & PONDICHERRY,2006,911.9
COASTAL KARNATAKA,2006,3865.9
NORTH INTERIOR KARNATAKA,2006,628
SOUTH INTERIOR KARNATAKA,2006,951
KERALA,2006,3297.7
LAKSHADWEEP ,2006,1695.4
ANDAMAN & NICOBAR ISLANDS,2007,2656.7
ASSAM & MEGHALAYA,2007,2414.6
"NAGALAND, MANIPUR, MIZORAM,TRIPURA",2007,2146
SUB-HIMALAYAN W BENGAL & SIKKIM,2007,2641.3
GANGETIC WEST BENGAL,2007,1953.2
ORISSA,2007,1664.9
JHARKHAND,2007,1441.5
BIHAR ,2007,1466.2
EAST UTTAR PRADESH,2007,863.2
WEST UTTAR PRADESH,2007,586.1
UTTARANCHAL,2007,1894.4
"HARYANA, DELHI & CHANDIGARH",2007,479.9
PUNJAB ,2007,494.3
HIMACHAL PRADESH,2007,862.5
WEST RAJASTHAN ,2007,282.2
EAST  RAJASTHAN ,2007,553.5
EAST MADHYA PRADESH,2007,864.1
"GUJARAT REGION, DADRA & NAGAR HAVELI",2007,1158.8
SAURASHTRA KUTCH & DIU,2007,892.1
KOKAN & GOA,2007,3401.1
MADHYA MAHARASHTRA,2007,921.5
MARATWADA ,2007,625.6
VIDARBHA,2007,1135.8
CHATTISGARH,2007,1244.1
COSTAL ANDHRA PRADESH,2007,1093.9
TELENGANA,2007,902.6
RAYALSEEMA,2007,934.1
TAMIL NADU & PONDICHERRY,2007,968.8
COASTAL KARNATAKA,2007,3904.7
NORTH INTERIOR KARNATAKA,2007,788.5
SOUTH INTERIOR KARNATAKA,2007,1229.5
KERALA,2007,3619.5
LAKSHADWEEP ,2007,2037.9
ANDAMAN & NICOBAR ISLANDS,2008,3335.2
ASSAM & MEGHALAYA,2008,2271.2
"NAGALAND, MANIPUR, MIZORAM,TRIPURA",2008,1481.7
SUB-HIMALAYAN W BENGAL & SIKKIM,2008,2618.8
GANGETIC WEST BENGAL,2008,1580.6
ORISSA,2008,1600.4
JHARKHAND,2008,1200.6
BIHAR ,2008,1306.7
EAST UTTAR PRADESH,2008,1121.9
WEST UTTAR PRADESH,2008,840.4
UTTARANCHAL,2008,1298.5
"HARYANA, DELHI & CHANDIGARH",2008,633
PUNJAB ,2008,708.7
HIMACHAL PRADESH,2008,1048.9
WEST RAJASTHAN ,2008,309.7
EAST  RAJASTHAN ,2008,627.1
EAST MADHYA PRADESH,2008,989.8
"GUJARAT REGION, DADRA & NAGAR HAVELI",2008,932.5
SAURASHTRA KUTCH & DIU,2008,572.4
KOKAN & GOA,2008,3051.6
MADHYA MAHARASHTRA,2008,858.8
MARATWADA ,2008,651.1
VIDARBHA,2008,855.7
CHATTISGARH,2008,1144
COSTAL ANDHRA PRADESH,2008,1057.1
TELENGANA,2008,998
RAYALSEEMA,2008,795.1
TAMIL NADU & PONDICHERRY,2008,1195.7
COASTAL KARNATAKA,2008,3050.8
NORTH INTERIOR KARNATAKA,2008,700.5
SOUTH INTERIOR KARNATAKA,2008,1105.7
KERALA,2008,2534.2
LAKSHADWEEP ,2008,1726.4
ANDAMAN & NICOBAR ISLANDS,2009,2614.5
ASSAM & MEGHALAYA,2009,1863
"NAGALAND, MANIPUR, MIZORAM,TRIPURA",2009,1446.5
SUB-HIMALAYAN W BENGAL & SIKKIM,2009,2275.1
GANGETIC WEST BENGAL,2009,1322.5
ORISSA,2009,1397.8
JHARKHAND,2009,1061.1
BIHAR ,2009,993.7
EAST UTTAR PRADESH,2009,711.1
WEST UTTAR PRADESH,2009,552.4
UTTARANCHAL,2009,1076
"HARYANA, DELHI & CHANDIGARH",2009,350.4
PUNJAB ,2009,403.8
HIMACHAL PRADESH,2009,805.7
WEST RAJASTHAN ,2009,166.6
EAST  RAJASTHAN ,2009,460.6
EAST MADHYA PRADESH,2009,910.5
"GUJARAT REGION, DADRA & NAGAR HAVELI",2009,649.4
SAURASHTRA KUTCH & DIU,2009,616.9
KOKAN & GOA,2009,2738.3
MADHYA MAHARASHTRA,2009,918.1
MARATWADA ,2009,687.5
VIDARBHA,2009,804.2
CHATTISGARH,2009,859.7
COSTAL ANDHRA PRADESH,2009,745
TELENGANA,2009,665.8
RAYALSEEMA,2009,672.8
TAMIL NADU & PONDICHERRY,2009,934.4
COASTAL KARNATAKA,2009,3798.2
NORTH INTERIOR KARNATAKA,2009,977.1
SOUTH INTERIOR KARNATAKA,2009,1177.2
KERALA,2009,2815.9
LAKSHADWEEP ,2009,1572.5
ANDAMAN & NICOBAR ISLANDS,2010,3147.2
ASSAM & MEGHALAYA,2010,2498.7
"NAGALAND, MANIPUR, MIZORAM,TRIPURA",2010,2027.2
SUB-HIMALAYAN W BENGAL & SIKKIM,2010,2849.3
GANGETIC WEST BENGAL,2010,1084.4
ORISSA,2010,1332.3
JHARKHAND,2010,803.7
BIHAR ,2010,941.9
EAST UTTAR PRADESH,2010,758.5
WEST UTTAR PRADESH,2010,818.7
UTTARANCHAL,2010,1864.3
"HARYANA, DELHI & CHANDIGARH",2010,598.1
PUNJAB ,2010,501.1
HIMACHAL PRADESH,2010,1227.9
WEST RAJASTHAN ,2010,473.2
EAST  RAJASTHAN ,2010,741.3
EAST MADHYA PRADESH,2010,966.3
"GUJARAT REGION, DADRA & NAGAR HAVELI",2010,1059.8
SAURASHTRA KUTCH & DIU,2010,1073.9
KOKAN & GOA,2010,3749.4
MADHYA MAHARASHTRA,2010,1006.3
MARATWADA ,2010,1039.4
VIDARBHA,2010,1355.2
CHATTISGARH,2010,1147.8
COSTAL ANDHRA PRADESH,2010,1624.9
TELENGANA,2010,1248.9
RAYALSEEMA,2010,907.1
TAMIL NADU & PONDICHERRY,2010,1122.2
COASTAL KARNATAKA,2010,4007.5
NORTH INTERIOR KARNATAKA,2010,857.3
SOUTH INTERIOR KARNATAKA,2010,1308.7
KERALA,2010,3142
LAKSHADWEEP ,2010,1725.4
ANDAMAN & NICOBAR ISLANDS,2011,3833.5
ASSAM & MEGHALAYA,2011,1758.3
"NAGALAND, MANIPUR, MIZORAM,TRIPURA",2011,1655
SUB-HIMALAYAN W BENGAL & SIKKIM,2011,2360
GANGETIC WEST BENGAL,2011,1671.7
ORISSA,2011,1300.2
JHARKHAND,2011,1274.8
BIHAR ,2011,1217.3
EAST UTTAR PRADESH,2011,874.9
WEST UTTAR PRADESH,2011,776
UTTARANCHAL,2011,1708.2
"HARYANA, DELHI & CHANDIGARH",2011,433
PUNJAB ,2011,533.6
HIMACHAL PRADESH,2011,1051.8
WEST RAJASTHAN ,2011,426.7
EAST  RAJASTHAN ,2011,849.1
EAST MADHYA PRADESH,2011,1220.7
"GUJARAT REGION, DADRA & NAGAR HAVELI",2011,903.9
SAURASHTRA KUTCH & DIU,2011,725
KOKAN & GOA,2011,3842.4
MADHYA MAHARASHTRA,2011,842.9
MARATWADA ,2011,685.7
VIDARBHA,2011,958.5
CHATTISGARH,2011,1313
COSTAL ANDHRA PRADESH,2011,835.5
TELENGANA,2011,739.6
RAYALSEEMA,2011,642.8
TAMIL NADU & PONDICHERRY,2011,1013.8
COASTAL KARNATAKA,2011,4146.4
NORTH INTERIOR KARNATAKA,2011,620.2
SOUTH INTERIOR KARNATAKA,2011,1040.5
KERALA,2011,3041.6
LAKSHADWEEP ,2011,1531.4
ANDAMAN & NICOBAR ISLANDS,2012,3516
ASSAM & MEGHALAYA,2012,2321.3
"NAGALAND, MANIPUR, MIZORAM,TRIPURA",2012,1669.2
SUB-HIMALAYAN W BENGAL & SIKKIM,2012,2630.3
GANGETIC WEST BENGAL,2012,1258.2
ORISSA,2012,1430.2
JHARKHAND,2012,1102
BIHAR ,2012,924.1
EAST UTTAR PRADESH,2012,853.6
WEST UTTAR PRADESH,2012,582.7
UTTARANCHAL,2012,1309.8
"HARYANA, DELHI & CHANDIGARH",2012,313.6
PUNJAB ,2012,338.9
HIMACHAL PRADESH,2012,1035
WEST RAJASTHAN ,2012,318.3
EAST  RAJASTHAN ,2012,695.8
EAST MADHYA PRADESH,2012,1096.9
"GUJARAT REGION, DADRA & NAGAR HAVELI",2012,652
SAURASHTRA KUTCH & DIU,2012,315.3
KOKAN & GOA,2012,2993.9
MADHYA MAHARASHTRA,2012,664.2
MARATWADA ,2012,538.2
VIDARBHA,2012,1090.2
CHATTISGARH,2012,1366.8
COSTAL ANDHRA PRADESH,2012,1183.4
TELENGANA,2012,972.7
RAYALSEEMA,2012,665.1
TAMIL NADU & PONDICHERRY,2012,708
COASTAL KARNATAKA,2012,3395
NORTH INTERIOR KARNATAKA,2012,529.4
SOUTH INTERIOR KARNATAKA,2012,832
KERALA,2012,2187.6
LAKSHADWEEP ,2012,1433.2
ANDAMAN & NICOBAR ISLANDS,2013,2855.4
ASSAM & MEGHALAYA,2013,1682.6
"NAGALAND, MANIPUR, MIZORAM,TRIPURA",2013,1430
SUB-HIMALAYAN W BENGAL & SIKKIM,2013,2187.5
GANGETIC WEST BENGAL,2013,1446.4
ORISSA,2013,1240.1
JHARKHAND,2013,972.4
BIHAR ,2013,872.3
EAST UTTAR PRADESH,2013,942.9
WEST UTTAR PRADESH,2013,855.6
UTTARANCHAL,2013,1699.2
"HARYANA, DELHI & CHANDIGARH",2013,446.5
PUNJAB ,2013,557.7
HIMACHAL PRADESH,2013,1155.4
WEST RAJASTHAN ,2013,378.4
EAST  RAJASTHAN ,2013,802.7
EAST MADHYA PRADESH,2013,1396.2
"GUJARAT REGION, DADRA & NAGAR HAVELI",2013,1190.6
SAURASHTRA KUTCH & DIU,2013,789.2
KOKAN & GOA,2013,3525.3
MADHYA MAHARASHTRA,2013,899.4
MARATWADA ,2013,773.1
VIDARBHA,2013,1386.7
CHATTISGARH,2013,1243.4
COSTAL ANDHRA PRADESH,2013,626.8
TELENGANA,2013,1021
RAYALSEEMA,2013,511.7
TAMIL NADU & PONDICHERRY,2013,448.6
COASTAL KARNATAKA,2013,3762.8
NORTH INTERIOR KARNATAKA,2013,618.1
SOUTH INTERIOR KARNATAKA,2013,979.6
KERALA,2013,2823.7
LAKSHADWEEP ,2013,1248.7
ANDAMAN & NICOBAR ISLANDS,2014,2622.4
ASSAM & MEGHALAYA,2014,2171.9
"NAGALAND, MANIPUR, MIZORAM,TRIPURA",2014,1599.9
SUB-HIMALAYAN W BENGAL & SIKKIM,2014,2322.6
GANGETIC WEST BENGAL,2014,1241.7
ORISSA,2014,1536.9
JHARKHAND,2014,1156.6
BIHAR ,2014,1061
EAST UTTAR PRADESH,2014,701.4
WEST UTTAR PRADESH,2014,487
UTTARANCHAL,2014,1287.4
"HARYANA, DELHI & CHANDIGARH",2014,305.6
PUNJAB ,2014,382.7
HIMACHAL PRADESH,2014,1019.9
WEST RAJASTHAN ,2014,302.4
EAST  RAJASTHAN ,2014,683
EAST MADHYA PRADESH,2014,924.1
"GUJARAT REGION, DADRA & NAGAR HAVELI",2014,792.2
SAURASHTRA KUTCH & DIU,2014,467.8
KOKAN & GOA,2014,2913.2
MADHYA MAHARASHTRA,2014,838
MARATWADA ,2014,548.9
VIDARBHA,2014,919.2
CHATTISGARH,2014,1274.7
COSTAL ANDHRA PRADESH,2014,777.4
TELENGANA,2014,685.6
RAYALSEEMA,2014,523.4
TAMIL NADU & PONDICHERRY,2014,913.2
COASTAL KARNATAKA,2014,3563.9
NORTH INTERIOR KARNATAKA,2014,756.8
SOUTH INTERIOR KARNATAKA,2014,1184.1
KERALA,2014,3046.4
